Date,Type,Month,Sett_PC,Change,Vol,OI,Delta
2026-03-02,ALL,FEB26,66071,+0,0.0,0.0,-4080.7200000000003
2026-03-02,RET,FEB26,66071,+0,0.0,0.0,-2038.7200000000003
2026-03-02,ALL,MAR26,69480,+3600,26074.239999999998,20512.760000000002,306.8
2026-03-02,RET,MAR26,69480,+3600,9607.24,2009.76,117.80000000000001
2026-03-02,ALL,APR26,69765,+3625,2602.9,11802.5,840.8
2026-03-02,RET,APR26,69765,+3625,247.9,9941.5,13.8
2026-03-02,ALL,MAY26,70080,+3655,92.5,134.5,7.8
2026-03-02,RET,MAY26,70080,+3655,6.5,10.5,0.8
2026-03-02,ALL,JUN26,70330,+3660,6.3,204.5,1.6
2026-03-02,RET,JUN26,70330,+3660,1.3,9.5,0.6000000000000001
2026-03-02,ALL,JUL26,70620,+3660,0.30000000000000004,1.3,0.30000000000000004
2026-03-02,RET,JUL26,70620,+3660,0.30000000000000004,0.30000000000000004,0.30000000000000004
2026-03-02,ALL,SEP26,71360,+3700,8.0,157.3,6.0
2026-03-02,RET,SEP26,71360,+3700,0.0,1.3,0.0
2026-03-02,ALL,DEC26,72295,+3745,0.0,8.2,0.0
2026-03-02,RET,DEC26,72295,+3745,0.0,4.2,0.0
2026-03-02,OPT,MAR26,0.55,-,129.0,1210.0,18.0
2026-03-02,OPT,APR26,0.40,-,7.0,-231.0,3.0
2026-03-02,OPT,MAY26,10.00,-,11.0,-25.0,-7.0
2026-03-02,OPT,JUN26,0.00,-,4.0,-324.0,4.0
2026-03-03,ALL,MAR26,68465,-1015,21299.46,20114.62,-413.34000000000003
2026-03-03,RET,MAR26,68465,-1015,9283.46,2126.6200000000003,78.66
2026-03-03,ALL,APR26,68710,-1055,2728.9,11796.5,21.6
2026-03-03,RET,APR26,68710,-1055,265.90000000000003,9941.5,27.6
2026-03-03,ALL,MAY26,69025,-1055,38.9,138.8,4.300000000000001
2026-03-03,RET,MAY26,69025,-1055,6.9,12.8,2.3000000000000003
2026-03-03,ALL,JUN26,69285,-1045,5.4,204.1,-0.3999999999999999
2026-03-03,RET,JUN26,69285,-1045,3.4000000000000004,10.100000000000001,0.6000000000000001
2026-03-03,ALL,JUL26,69580,-1040,0.1,1.3,0.0
2026-03-03,RET,JUL26,69580,-1040,0.1,0.30000000000000004,0.0
2026-03-03,ALL,SEP26,70325,-1035,0.1,157.4,0.1
2026-03-03,RET,SEP26,70325,-1035,0.1,1.4000000000000001,0.1
2026-03-03,ALL,DEC26,71250,-1045,0.0,8.2,0.0
2026-03-03,RET,DEC26,71250,-1045,0.0,4.2,0.0
2026-03-03,OPT,MAR26,1.28,-,89.0,1199.0,-11.0
2026-03-03,OPT,APR26,0.55,-,214.0,-219.0,12.0
2026-03-03,OPT,MAY26,0.00,-,4.0,-29.0,-4.0
2026-03-03,OPT,JUN26,5.00,-,12.0,-327.0,-3.0
2026-03-03,OPT,SEP26,0.00,-,12.0,-53.0,-12.0
2026-03-04,ALL,MAR26,73445,+4980,26570.7,21138.38,1038.6599999999999
2026-03-04,RET,MAR26,73445,+4980,10719.7,2280.38,146.66
2026-03-04,ALL,APR26,73735,+5025,4149.6,12892.5,1109.8
2026-03-04,RET,APR26,73735,+5025,352.6,9941.5,13.8
2026-03-04,ALL,MAY26,74065,+5040,102.8,153.6,14.8
2026-03-04,RET,MAY26,74065,+5040,20.8,26.6,13.8
2026-03-04,ALL,JUN26,74345,+5060,16.0,206.3,2.2
2026-03-04,RET,JUN26,74345,+5060,4.0,10.3,0.2
2026-03-04,ALL,JUL26,74615,+5035,4.2,5.3,4.0
2026-03-04,RET,JUL26,74615,+5035,0.2,0.30000000000000004,0.0
2026-03-04,ALL,SEP26,75390,+5065,0.0,157.4,0.0
2026-03-04,RET,SEP26,75390,+5065,0.0,1.4000000000000001,0.0
2026-03-04,ALL,DEC26,76380,+5130,1.0,8.2,0.0
2026-03-04,RET,DEC26,76380,+5130,0.0,4.2,0.0
2026-03-04,OPT,MAR26,1.00,-,150.0,1262.0,63.0
2026-03-04,OPT,APR26,4.75,-,23.0,-213.0,6.0
2026-03-04,OPT,MAY26,0.00,-,10.0,-19.0,10.0
2026-03-04,OPT,JUN26,0.44,-,13.0,-322.0,5.0
2026-03-04,OPT,JUL26,0.00,-,1.0,58.0,1.0
2026-03-05,ALL,MAR26,71530,-1915,16981.58,19599.66,-1536.52
2026-03-05,RET,MAR26,71530,-1915,7274.58,2210.6600000000003,-69.52
2026-03-05,ALL,APR26,71800,-1935,2261.0,13019.5,136.8
2026-03-05,RET,APR26,71800,-1935,273.0,9941.5,9.8
2026-03-05,ALL,MAY26,72120,-1945,59.900000000000006,176.2,22.6
2026-03-05,RET,MAY26,72120,-1945,29.900000000000002,52.2,25.6
2026-03-05,ALL,JUN26,72405,-1940,9.4,208.4,2.1
2026-03-05,RET,JUN26,72405,-1940,3.4000000000000004,13.4,3.1
2026-03-05,ALL,JUL26,72715,-1900,0.1,5.3,0.0
2026-03-05,RET,JUL26,72715,-1900,0.1,0.30000000000000004,0.0
2026-03-05,ALL,SEP26,73420,-1970,0.0,157.4,0.0
2026-03-05,RET,SEP26,73420,-1970,0.0,1.4000000000000001,0.0
2026-03-05,ALL,DEC26,74385,-1995,0.0,8.2,0.0
2026-03-05,RET,DEC26,74385,-1995,0.0,4.2,0.0
2026-03-05,OPT,MAR26,2.40,-,102.0,1230.0,-32.0
2026-03-05,OPT,APR26,0.01,-,105.0,-111.0,102.0
2026-03-05,OPT,MAY26,0.00,-,2.0,-17.0,2.0
2026-03-05,OPT,JUN26,0.50,-,3.0,-320.0,2.0
2026-03-06,ALL,MAR26,68295,-3235,15271.62,19228.86,-361.79999999999995
2026-03-06,RET,MAR26,68295,-3235,6495.620000000001,2547.8600000000006,337.20000000000005
2026-03-06,ALL,APR26,68540,-3260,2237.8,12918.5,-97.2
2026-03-06,RET,APR26,68540,-3260,272.8,9941.5,3.8000000000000003
2026-03-06,ALL,MAY26,68855,-3265,38.7,171.6,-4.6
2026-03-06,RET,MAY26,68855,-3265,12.700000000000001,62.6,10.4
2026-03-06,ALL,JUN26,69165,-3240,14.2,215.4,7.0
2026-03-06,RET,JUN26,69165,-3240,4.2,16.400000000000002,3.0
2026-03-06,ALL,JUL26,69475,-3240,4.3,9.4,4.1
2026-03-06,RET,JUL26,69475,-3240,0.30000000000000004,0.4,0.1
2026-03-06,ALL,SEP26,70245,-3175,0.0,157.4,0.0
2026-03-06,RET,SEP26,70245,-3175,0.0,1.4000000000000001,0.0
2026-03-06,ALL,DEC26,71170,-3215,0.0,8.2,0.0
2026-03-06,RET,DEC26,71170,-3215,0.0,4.2,0.0
2026-03-06,OPT,MAR26,0.97,-,69.0,1234.0,-7.0
2026-03-06,OPT,APR26,0.05,-,21.0,-161.0,0.0
2026-03-06,OPT,MAY26,0.00,-,7.0,-24.0,-7.0
2026-03-06,OPT,JUN26,3.00,-,4.0,-321.0,-1.0
2026-03-09,ALL,MAR26,69205,+910,18323.68,19038.3,-195.56
2026-03-09,RET,MAR26,69205,+910,8427.68,2261.3,-270.56
2026-03-09,ALL,APR26,69470,+930,2822.3,13318.5,443.7
2026-03-09,RET,APR26,69470,+930,428.3,9941.5,43.7
2026-03-09,ALL,MAY26,69775,+920,124.1,214.10000000000002,42.5
2026-03-09,RET,MAY26,69775,+920,58.1,95.10000000000001,32.5
2026-03-09,ALL,JUN26,70085,+920,4.3,214.5,-0.9
2026-03-09,RET,JUN26,70085,+920,1.3,16.5,0.1
2026-03-09,ALL,JUL26,70410,+935,1.1,9.5,0.1
2026-03-09,RET,JUL26,70410,+935,0.1,0.5,0.1
2026-03-09,ALL,SEP26,71080,+835,2.0,158.4,1.0
2026-03-09,RET,SEP26,71080,+835,0.0,1.4000000000000001,0.0
2026-03-09,ALL,DEC26,72020,+850,0.5,8.7,0.5
2026-03-09,RET,DEC26,72020,+850,0.5,4.7,0.5
2026-03-09,OPT,MAR26,2.02,-,133.0,1161.0,-73.0
2026-03-09,OPT,APR26,1.00,-,4.0,-165.0,-4.0
2026-03-09,OPT,JUN26,2.00,-,3.0,-321.0,0.0
2026-03-09,OPT,JUL26,0.00,-,6.0,52.0,-6.0
2026-03-09,OPT,SEP26,0.00,-,1.0,-54.0,-1.0
2026-03-10,ALL,MAR26,70195,+990,17807.3,18681.32,-387.28
2026-03-10,RET,MAR26,70195,+990,7319.3,2237.32,-24.28
2026-03-10,ALL,APR26,70465,+995,2606.5,14056.5,722.0
2026-03-10,RET,APR26,70465,+995,431.5,9941.5,-18.0
2026-03-10,ALL,MAY26,70775,+1000,26.8,224.10000000000002,10.0
2026-03-10,RET,MAY26,70775,+1000,10.8,98.10000000000001,3.0
2026-03-10,ALL,JUN26,71085,+1000,4.0,214.8,0.30000000000000004
2026-03-10,RET,JUN26,71085,+1000,4.0,16.8,0.30000000000000004
2026-03-10,ALL,JUL26,71410,+1000,0.0,9.5,0.0
2026-03-10,RET,JUL26,71410,+1000,0.0,0.5,0.0
2026-03-10,ALL,SEP26,72135,+1055,0.0,158.4,0.0
2026-03-10,RET,SEP26,72135,+1055,0.0,1.4000000000000001,0.0
2026-03-10,ALL,DEC26,73085,+1065,0.0,8.7,0.0
2026-03-10,RET,DEC26,73085,+1065,0.0,4.7,0.0
2026-03-10,OPT,MAR26,1.32,-,44.0,1196.0,-1166.0
2026-03-10,OPT,APR26,2.00,-,12.0,-167.0,163.0
2026-03-10,OPT,JUN26,0.00,-,3.0,-320.0,322.0
2026-03-11,ALL,MAR26,70825,+630,12789.76,18810.239999999998,134.92000000000002
2026-03-11,RET,MAR26,70825,+630,6350.76,2048.2400000000002,-189.08
2026-03-11,ALL,APR26,71085,+620,1340.6,14322.5,277.1
2026-03-11,RET,APR26,71085,+620,290.6,9941.5,11.100000000000001
2026-03-11,ALL,MAY26,71405,+630,21.0,224.7,0.5999999999999999
2026-03-11,RET,MAY26,71405,+630,11.0,96.7,-1.4000000000000001
2026-03-11,ALL,JUN26,71715,+630,3.5,217.3,2.5
2026-03-11,RET,JUN26,71715,+630,0.5,16.3,-0.5
2026-03-11,ALL,JUL26,72040,+630,2.2,11.7,2.2
2026-03-11,RET,JUL26,72040,+630,0.2,0.7000000000000001,0.2
2026-03-11,ALL,SEP26,72770,+635,0.0,158.4,0.0
2026-03-11,RET,SEP26,72770,+635,0.0,1.4000000000000001,0.0
2026-03-11,ALL,DEC26,73730,+645,0.0,8.7,0.0
2026-03-11,RET,DEC26,73730,+645,0.0,4.7,0.0
2026-03-11,OPT,MAR26,1.06,-,37.0,1202.0,-1190.0
2026-03-11,OPT,APR26,1.00,-,14.0,-167.0,167.0
2026-03-11,OPT,MAY26,0.00,-,11.0,-35.0,13.0
2026-03-11,OPT,JUN26,0.00,-,10.0,-330.0,310.0
2026-03-12,ALL,MAR26,70645,-180,13517.94,18938.12,127.88
2026-03-12,RET,MAR26,70645,-180,6502.9400000000005,2191.1200000000003,142.88
2026-03-12,ALL,APR26,70900,-185,1464.9,14749.5,444.7
2026-03-12,RET,APR26,70900,-185,323.90000000000003,9941.5,17.7
2026-03-12,ALL,MAY26,71220,-185,17.6,226.3,1.6
2026-03-12,RET,MAY26,71220,-185,8.6,97.30000000000001,0.6000000000000001
2026-03-12,ALL,JUN26,71530,-185,4.2,218.5,1.2
2026-03-12,RET,JUN26,71530,-185,0.2,16.5,0.2
2026-03-12,ALL,JUL26,71825,-215,0.0,11.7,0.0
2026-03-12,RET,JUL26,71825,-215,0.0,0.7000000000000001,0.0
2026-03-12,ALL,SEP26,72565,-205,0.0,158.4,0.0
2026-03-12,RET,SEP26,72565,-205,0.0,1.4000000000000001,0.0
2026-03-12,ALL,DEC26,73520,-210,0.0,8.7,0.0
2026-03-12,RET,DEC26,73520,-210,0.0,4.7,0.0
2026-03-12,OPT,MAR26,0.30,-,43.0,1213.0,20.0
2026-03-12,OPT,APR26,0.00,-,2.0,-167.0,0.0
2026-03-12,OPT,MAY26,0.00,-,5.0,-40.0,-5.0
2026-03-12,OPT,JUN26,3.00,-,4.0,-333.0,-3.0
2026-03-12,OPT,SEP26,0.00,-,5.0,-59.0,-5.0
2026-03-13,ALL,MAR26,71325,+680,24150.72,18289.98,-563.9399999999999
2026-03-13,RET,MAR26,71325,+680,10586.720000000001,2229.98,-33.94
2026-03-13,ALL,APR26,71590,+690,3556.7,15757.5,1020.8
2026-03-13,RET,APR26,71590,+690,552.7,9941.5,12.8
2026-03-13,ALL,MAY26,71910,+690,101.2,186.3,-40.0
2026-03-13,RET,MAY26,71910,+690,65.2,57.300000000000004,-40.0
2026-03-13,ALL,JUN26,72215,+685,2.1,218.6,0.1
2026-03-13,RET,JUN26,72215,+685,2.1,16.6,0.1
2026-03-13,ALL,JUL26,72540,+715,0.0,11.7,0.0
2026-03-13,RET,JUL26,72540,+715,0.0,0.7000000000000001,0.0
2026-03-13,ALL,SEP26,73260,+695,0.0,158.4,0.0
2026-03-13,RET,SEP26,73260,+695,0.0,1.4000000000000001,0.0
2026-03-13,ALL,DEC26,74225,+705,0.0,8.7,0.0
2026-03-13,RET,DEC26,74225,+705,0.0,4.7,0.0
2026-03-13,OPT,MAR26,0.05,-,613.0,1318.0,105.0
2026-03-13,OPT,APR26,1.87,-,86.0,-134.0,33.0
2026-03-13,OPT,MAY26,0.00,-,5.0,-42.0,-2.0
2026-03-13,OPT,JUN26,1.00,-,2.0,-334.0,-1.0
2026-03-16,ALL,MAR26,74120,+2795,16015.119999999999,17844.62,-567.96
2026-03-16,RET,MAR26,74120,+2795,6524.120000000001,2050.6200000000003,-169.96
2026-03-16,ALL,APR26,74390,+2800,3559.2,16669.5,947.0
2026-03-16,RET,APR26,74390,+2800,529.2,9941.5,35.0
2026-03-16,ALL,MAY26,74715,+2805,33.2,189.5,3.2
2026-03-16,RET,MAY26,74715,+2805,10.200000000000001,59.5,2.2
2026-03-16,ALL,JUN26,75025,+2810,1.8,219.1,0.5
2026-03-16,RET,JUN26,75025,+2810,1.8,17.1,0.5
2026-03-16,ALL,JUL26,75350,+2810,0.2,11.9,0.2
2026-03-16,RET,JUL26,75350,+2810,0.2,0.9,0.2
2026-03-16,ALL,SEP26,76160,+2900,0.0,158.4,0.0
2026-03-16,RET,SEP26,76160,+2900,0.0,1.4000000000000001,0.0
2026-03-16,ALL,DEC26,77165,+2940,0.1,8.7,0.0
2026-03-16,RET,DEC26,77165,+2940,0.1,4.7,0.0
2026-03-16,OPT,MAR26,0.22,-,151.0,1394.0,76.0
2026-03-16,OPT,APR26,0.02,-,43.0,-95.0,39.0
2026-03-16,OPT,MAY26,0.00,-,1.0,-41.0,1.0
2026-03-16,OPT,JUN26,0.00,-,4.0,-330.0,4.0
2026-03-17,ALL,MAR26,74685,+565,15062.26,17781.28,-53.34
2026-03-17,RET,MAR26,74685,+565,7337.26,2098.28,47.660000000000004
2026-03-17,ALL,APR26,74955,+565,2425.1,17568.5,939.2
2026-03-17,RET,APR26,74955,+565,548.1,9941.5,40.2
2026-03-17,ALL,MAY26,75290,+575,129.9,220.9,31.4
2026-03-17,RET,MAY26,75290,+575,7.9,60.900000000000006,1.4000000000000001
2026-03-17,ALL,JUN26,75600,+575,22.0,232.4,13.3
2026-03-17,RET,JUN26,75600,+575,11.0,25.400000000000002,8.3
2026-03-17,ALL,JUL26,75925,+575,5.0,16.9,5.0
2026-03-17,RET,JUL26,75925,+575,0.0,0.9,0.0
2026-03-17,ALL,SEP26,76700,+540,0.1,158.3,-0.1
2026-03-17,RET,SEP26,76700,+540,0.1,1.3,-0.1
2026-03-17,ALL,DEC26,77710,+545,0.30000000000000004,8.4,-0.30000000000000004
2026-03-17,RET,DEC26,77710,+545,0.30000000000000004,4.4,-0.30000000000000004
2026-03-17,OPT,MAR26,0.18,-,103.0,1375.0,-19.0
2026-03-17,OPT,APR26,0.36,-,34.0,-80.0,15.0
2026-03-17,OPT,MAY26,0.00,-,5.0,-46.0,-5.0
2026-03-17,OPT,SEP26,0.00,-,6.0,-65.0,-6.0
2026-03-18,ALL,MAR26,71115,-3570,16989.56,16897.8,-836.48
2026-03-18,RET,MAR26,71115,-3570,6454.56,2101.8,3.5200000000000005
2026-03-18,ALL,APR26,71370,-3585,3168.2,18080.5,510.6
2026-03-18,RET,APR26,71370,-3585,575.2,9941.5,-1.4000000000000001
2026-03-18,ALL,MAY26,71695,-3595,35.7,221.8,0.9
2026-03-18,RET,MAY26,71695,-3595,7.7,61.800000000000004,0.9
2026-03-18,ALL,JUN26,72005,-3595,13.4,237.9,5.5
2026-03-18,RET,JUN26,72005,-3595,9.4,28.900000000000002,3.5
2026-03-18,ALL,JUL26,72330,-3595,1.0,17.9,1.0
2026-03-18,RET,JUL26,72330,-3595,0.0,0.9,0.0
2026-03-18,ALL,SEP26,73090,-3610,0.0,158.3,0.0
2026-03-18,RET,SEP26,73090,-3610,0.0,1.3,0.0
2026-03-18,ALL,DEC26,74050,-3660,1.0,8.4,0.0
2026-03-18,RET,DEC26,74050,-3660,0.0,4.4,0.0
2026-03-18,OPT,MAR26,0.19,-,242.0,1301.0,-67.0
2026-03-18,OPT,APR26,0.00,-,9.0,-83.0,-3.0
2026-03-18,OPT,MAY26,0.00,-,5.0,-46.0,0.0
2026-03-18,OPT,JUN26,0.00,-,2.0,-328.0,2.0
2026-03-19,ALL,MAR26,70360,-755,13684.26,16005.74,-892.76
2026-03-19,RET,MAR26,70360,-755,6352.26,1848.74,-253.76000000000002
2026-03-19,ALL,APR26,70615,-755,2813.5,18668.5,617.4
2026-03-19,RET,APR26,70615,-755,592.5,9941.5,29.400000000000002
2026-03-19,ALL,MAY26,70945,-750,62.7,233.7,11.9
2026-03-19,RET,MAY26,70945,-750,35.7,62.7,0.9
2026-03-19,ALL,JUN26,71245,-760,13.9,233.7,-4.2
2026-03-19,RET,JUN26,71245,-760,1.9000000000000001,28.700000000000003,-0.2
2026-03-19,ALL,JUL26,71570,-760,0.0,17.9,0.0
2026-03-19,RET,JUL26,71570,-760,0.0,0.9,0.0
2026-03-19,ALL,SEP26,72280,-810,0.0,158.3,0.0
2026-03-19,RET,SEP26,72280,-810,0.0,1.3,0.0
2026-03-19,ALL,DEC26,73235,-815,0.0,8.4,0.0
2026-03-19,RET,DEC26,73235,-815,0.0,4.4,0.0
2026-03-19,OPT,MAR26,0.41,-,65.0,1319.0,18.0
2026-03-19,OPT,APR26,1.60,-,13.0,-83.0,0.0
2026-03-19,OPT,MAY26,0.00,-,2.0,-48.0,-2.0
2026-03-19,OPT,JUN26,1.00,-,4.0,-324.0,4.0
2026-03-20,ALL,MAR26,70220,-140,15133.58,14380.920000000002,-1624.82
2026-03-20,RET,MAR26,70220,-140,5872.58,1987.92,139.18
2026-03-20,ALL,APR26,70485,-130,5847.1,20137.5,1490.2
2026-03-20,RET,APR26,70485,-130,669.1,9941.5,21.200000000000003
2026-03-20,ALL,MAY26,70820,-125,93.6,260.9,27.2
2026-03-20,RET,MAY26,70820,-125,5.6000000000000005,63.900000000000006,1.2000000000000002
2026-03-20,ALL,JUN26,71105,-140,22.7,247.9,14.2
2026-03-20,RET,JUN26,71105,-140,1.7000000000000002,28.900000000000002,0.2
2026-03-20,ALL,JUL26,71440,-130,0.0,17.9,0.0
2026-03-20,RET,JUL26,71440,-130,0.0,0.9,0.0
2026-03-20,ALL,SEP26,72160,-120,0.0,158.3,0.0
2026-03-20,RET,SEP26,72160,-120,0.0,1.3,0.0
2026-03-20,ALL,DEC26,73115,-120,56.0,64.4,56.0
2026-03-20,RET,DEC26,73115,-120,0.0,4.4,0.0
2026-03-20,OPT,MAR26,1.18,-,37.0,1325.0,6.0
2026-03-20,OPT,APR26,0.00,-,40.0,-109.0,-26.0
2026-03-20,OPT,MAY26,0.00,-,2.0,-50.0,-2.0
2026-03-20,OPT,JUN26,0.00,-,9.0,-333.0,-9.0
2026-03-20,OPT,JUL26,0.00,-,5.0,54.0,2.0
2026-03-20,OPT,SEP26,0.00,-,6.0,-59.0,6.0
2026-03-23,ALL,MAR26,70735,+515,22007.68,12111.14,-2270.5800000000004
2026-03-23,RET,MAR26,70735,+515,8499.68,1887.14,-101.58000000000001
2026-03-23,ALL,APR26,70995,+510,8668.9,22285.5,2202.5
2026-03-23,RET,APR26,70995,+510,1009.9000000000001,9941.5,54.5
2026-03-23,ALL,MAY26,71325,+505,178.5,346.0,85.1
2026-03-23,RET,MAY26,71325,+505,30.5,76.0,12.100000000000001
2026-03-23,ALL,JUN26,71605,+500,29.8,256.6,8.7
2026-03-23,RET,JUN26,71605,+500,3.8000000000000003,30.6,1.7000000000000002
2026-03-23,ALL,JUL26,71940,+500,0.5,17.9,0.0
2026-03-23,RET,JUL26,71940,+500,0.5,0.9,0.0
2026-03-23,ALL,SEP26,72645,+485,0.0,158.3,0.0
2026-03-23,RET,SEP26,72645,+485,0.0,1.3,0.0
2026-03-23,ALL,DEC26,73600,+485,0.0,64.4,0.0
2026-03-23,RET,DEC26,73600,+485,0.0,4.4,0.0
2026-03-23,OPT,MAR26,3.67,-,56.0,1312.0,-13.0
2026-03-23,OPT,APR26,3.67,-,14.0,-113.0,-4.0
2026-03-23,OPT,MAY26,44.00,-,45.0,-93.0,-43.0
2026-03-23,OPT,JUN26,0.00,-,2.0,-333.0,0.0
2026-03-23,OPT,AUG26,0.00,-,2.0,-2.0,-2.0
2026-03-24,ALL,MAR26,69355,-1380,17704.18,9385.88,-2726.06
2026-03-24,RET,MAR26,69355,-1380,5334.18,1756.88,-131.06
2026-03-24,ALL,APR26,69615,-1380,9077.6,15410.5,2692.4
2026-03-24,RET,APR26,69615,-1380,709.6,618.5,244.4
2026-03-24,ALL,MAY26,69940,-1385,185.4,455.1,109.1
2026-03-24,RET,MAY26,69940,-1385,28.400000000000002,85.10000000000001,9.1
2026-03-24,ALL,JUN26,70215,-1390,34.7,276.2,19.6
2026-03-24,RET,JUN26,70215,-1390,2.7,32.2,1.6
2026-03-24,ALL,JUL26,70545,-1395,0.0,17.9,0.0
2026-03-24,RET,JUL26,70545,-1395,0.0,0.9,0.0
2026-03-24,ALL,SEP26,71260,-1385,0.0,158.3,0.0
2026-03-24,RET,SEP26,71260,-1385,0.0,1.3,0.0
2026-03-24,ALL,DEC26,72200,-1400,0.1,64.5,0.1
2026-03-24,RET,DEC26,72200,-1400,0.1,4.5,0.1
2026-03-24,OPT,MAR26,0.47,-,53.0,1331.0,22.0
2026-03-24,OPT,APR26,1.05,-,39.0,-104.0,9.0
2026-03-24,OPT,JUN26,0.00,-,2.0,-335.0,-2.0
2026-03-24,OPT,AUG26,0.00,-,40.0,38.0,40.0
2026-03-25,ALL,MAR26,70860,+1505,15036.84,6813.54,-2571.3399999999997
2026-03-25,RET,MAR26,70860,+1505,4785.84,1448.54,-308.34000000000003
2026-03-25,ALL,APR26,71140,+1525,11523.0,27039.5,2520.4
2026-03-25,RET,APR26,71140,+1525,2273.0,9941.5,214.4
2026-03-25,ALL,MAY26,71465,+1525,449.2,554.3,99.2
2026-03-25,RET,MAY26,71465,+1525,31.200000000000003,83.30000000000001,-1.8
2026-03-25,ALL,JUN26,71710,+1495,19.1,285.6,9.4
2026-03-25,RET,JUN26,71710,+1495,2.1,33.6,1.4000000000000001
2026-03-25,ALL,JUL26,72045,+1500,0.0,17.9,0.0
2026-03-25,RET,JUL26,72045,+1500,0.0,0.9,0.0
2026-03-25,ALL,SEP26,72805,+1545,0.0,158.3,0.0
2026-03-25,RET,SEP26,72805,+1545,0.0,1.3,0.0
2026-03-25,ALL,DEC26,73765,+1565,0.0,64.5,0.0
2026-03-25,RET,DEC26,73765,+1565,0.0,4.5,0.0
2026-03-25,OPT,MAR26,0.11,-,20.0,1342.0,13.0
2026-03-25,OPT,APR26,0.27,-,38.0,-80.0,24.0
2026-03-25,OPT,SEP26,0.00,-,5.0,-64.0,-5.0
2026-03-26,ALL,MAR26,68490,-2370,13012.36,4800.9800000000005,-1979.46
2026-03-26,RET,MAR26,68490,-2370,4296.36,1198.9800000000002,-249.46
2026-03-26,ALL,APR26,68770,-2370,13782.2,28827.5,2155.1
2026-03-26,RET,APR26,68770,-2370,3454.2000000000003,9941.5,367.1
2026-03-26,ALL,MAY26,69100,-2365,714.9,730.7,176.4
2026-03-26,RET,MAY26,69100,-2365,21.900000000000002,86.7,3.4000000000000004
2026-03-26,ALL,JUN26,69365,-2345,28.4,297.8,12.2
2026-03-26,RET,JUN26,69365,-2345,3.4000000000000004,35.800000000000004,2.2
2026-03-26,ALL,JUL26,69680,-2365,0.0,17.9,0.0
2026-03-26,RET,JUL26,69680,-2365,0.0,0.9,0.0
2026-03-26,ALL,SEP26,70390,-2415,0.0,158.3,0.0
2026-03-26,RET,SEP26,70390,-2415,0.0,1.3,0.0
2026-03-26,ALL,DEC26,71330,-2435,0.30000000000000004,64.8,0.30000000000000004
2026-03-26,RET,DEC26,71330,-2435,0.30000000000000004,4.800000000000001,0.30000000000000004
2026-03-26,OPT,MAR26,0.14,-,16.0,1346.0,5.0
2026-03-26,OPT,APR26,0.80,-,45.0,-71.0,9.0
2026-03-26,OPT,MAY26,0.00,-,5.0,-98.0,-5.0
2026-03-26,OPT,JUN26,3.00,-,4.0,-339.0,-4.0
2026-03-26,OPT,SEP26,0.00,-,8.0,-72.0,-8.0
2026-03-27,ALL,MAR26,66233,-2257,1582.42,4259.8,-538.1800000000001
2026-03-27,RET,MAR26,66233,-2257,616.42,1135.8000000000002,-63.18
2026-03-27,ALL,APR26,66225,-2545,17200.34,29567.22,1312.62
2026-03-27,RET,APR26,66225,-2545,8339.34,9943.22,574.62
2026-03-27,ALL,MAY26,66545,-2555,833.1,1102.3,371.6
2026-03-27,RET,MAY26,66545,-2555,95.10000000000001,98.30000000000001,11.600000000000001
2026-03-27,ALL,JUN26,66800,-2565,31.1,311.2,13.4
2026-03-27,RET,JUN26,66800,-2565,10.100000000000001,39.2,3.4000000000000004
2026-03-27,ALL,JUL26,67090,-2590,1.0,18.9,1.0
2026-03-27,RET,JUL26,67090,-2590,0.0,0.9,0.0
2026-03-27,ALL,SEP26,67810,-2580,0.0,158.3,0.0
2026-03-27,RET,SEP26,67810,-2580,0.0,1.3,0.0
2026-03-27,ALL,DEC26,68730,-2600,0.0,64.8,0.0
2026-03-27,RET,DEC26,68730,-2600,0.0,4.800000000000001,0.0
2026-03-27,OPT,MAR26,7.00,-,8.0,0.0,-1346.0
2026-03-27,OPT,APR26,2.46,-,83.0,-82.0,-11.0
2026-03-27,OPT,MAY26,0.00,-,1.0,-97.0,1.0
2026-03-27,OPT,JUN26,0.80,-,9.0,-338.0,1.0
2026-03-27,OPT,SEP26,0.00,-,1.0,-73.0,-1.0
2026-03-30,ALL,MAR26,66233,+0,0.0,0.0,-5798.8
2026-03-30,RET,MAR26,66233,+0,0.0,0.0,-1139.8000000000002
2026-03-30,ALL,APR26,66675,+450,15943.220000000001,28592.34,-1212.78
2026-03-30,RET,APR26,66675,+450,8221.220000000001,9943.34,-237.78
2026-03-30,ALL,MAY26,66995,+450,948.0,1420.9,318.6
2026-03-30,RET,MAY26,66995,+450,92.0,104.9,6.6000000000000005
2026-03-30,ALL,JUN26,67235,+435,97.5,344.3,33.1
2026-03-30,RET,JUN26,67235,+435,57.5,57.300000000000004,18.1
2026-03-30,ALL,JUL26,67550,+460,6.3,22.2,3.3
2026-03-30,RET,JUL26,67550,+460,0.30000000000000004,1.2000000000000002,0.30000000000000004
2026-03-30,ALL,SEP26,68260,+450,0.1,158.3,0.0
2026-03-30,RET,SEP26,68260,+450,0.1,1.3,0.0
2026-03-30,ALL,DEC26,69165,+435,0.1,64.9,0.1
2026-03-30,RET,DEC26,69165,+435,0.1,4.9,0.1
2026-03-30,OPT,APR26,1.28,-,57.0,-82.0,0.0
2026-03-30,OPT,MAY26,0.00,-,3.0,-97.0,0.0
2026-03-30,OPT,JUN26,0.00,-,3.0,-340.0,-2.0
2026-03-30,OPT,AUG26,0.00,-,2.0,40.0,2.0
2026-03-31,ALL,APR26,68035,+1360,17892.620000000003,28341.62,-221.01999999999998
2026-03-31,RET,APR26,68035,+1360,8453.62,9943.62,29.980000000000004
2026-03-31,ALL,MAY26,68355,+1360,1545.7,1811.9,391.0
2026-03-31,RET,MAY26,68355,+1360,147.70000000000002,110.9,6.0
2026-03-31,ALL,JUN26,68605,+1370,57.8,356.6,12.3
2026-03-31,RET,JUN26,68605,+1370,14.8,61.6,4.3
2026-03-31,ALL,JUL26,68910,+1360,0.2,22.1,-0.1
2026-03-31,RET,JUL26,68910,+1360,0.2,1.1,-0.1
2026-03-31,ALL,SEP26,69605,+1345,8.0,158.3,0.0
2026-03-31,RET,SEP26,69605,+1345,0.0,1.3,0.0
2026-03-31,ALL,DEC26,70525,+1360,0.2,65.0,0.1
2026-03-31,RET,DEC26,70525,+1360,0.2,5.0,0.1
2026-03-31,OPT,APR26,6.79,-,148.0,-182.0,-100.0
2026-03-31,OPT,MAY26,0.00,-,2.0,-95.0,2.0
2026-03-31,OPT,JUN26,0.05,-,21.0,-341.0,-1.0
2026-03-31,OPT,AUG26,0.00,-,6.0,46.0,6.0
2026-03-31,OPT,SEP26,0.18,-,26.0,-55.0,18.0
2026-04-01,ALL,APR26,68340,+305,13177.34,28340.58,-66.14000000000001
2026-04-01,RET,APR26,68340,+305,6383.34,9944.58,-64.14000000000001
2026-04-01,ALL,MAY26,68660,+305,1581.1,2379.7,568.8
2026-04-01,RET,MAY26,68660,+305,94.10000000000001,139.70000000000002,28.8
2026-04-01,ALL,JUN26,68915,+310,69.5,371.8,15.2
2026-04-01,RET,JUN26,68915,+310,13.5,66.8,5.2
2026-04-01,ALL,JUL26,69220,+310,0.0,22.1,0.0
2026-04-01,RET,JUL26,69220,+310,0.0,1.1,0.0
2026-04-01,ALL,SEP26,69975,+370,0.0,158.3,0.0
2026-04-01,RET,SEP26,69975,+370,0.0,1.3,0.0
2026-04-01,ALL,DEC26,70905,+380,0.0,65.0,0.0
2026-04-01,RET,DEC26,70905,+380,0.0,5.0,0.0
2026-04-01,OPT,APR26,2.00,-,39.0,-172.0,6.0
2026-04-01,OPT,MAY26,0.00,-,3.0,-96.0,-1.0
2026-04-02,ALL,APR26,67180,-1160,16901.04,28494.84,325.06
2026-04-02,RET,APR26,67180,-1160,7697.04,9960.84,187.06
2026-04-02,ALL,MAY26,67490,-1170,1832.1,2293.5,-87.2
2026-04-02,RET,MAY26,67490,-1170,104.10000000000001,126.5,-13.200000000000001
2026-04-02,ALL,JUN26,67735,-1180,48.8,385.1,13.3
2026-04-02,RET,JUN26,67735,-1180,18.8,79.10000000000001,12.3
2026-04-02,ALL,JUL26,68040,-1180,2.0,23.1,1.0
2026-04-02,RET,JUL26,68040,-1180,0.0,1.1,0.0
2026-04-02,ALL,SEP26,68745,-1230,0.0,158.3,0.0
2026-04-02,RET,SEP26,68745,-1230,0.0,1.3,0.0
2026-04-02,ALL,DEC26,69655,-1250,0.0,65.0,0.0
2026-04-02,RET,DEC26,69655,-1250,0.0,5.0,0.0
2026-04-02,OPT,APR26,5.50,-,13.0,-175.0,-3.0
2026-04-02,OPT,MAY26,0.00,-,3.0,-99.0,-3.0
2026-04-02,OPT,JUN26,0.12,-,9.0,-335.0,6.0
2026-04-02,OPT,JUL26,0.00,-,3.0,51.0,-3.0
2026-04-02,OPT,AUG26,0.00,-,22.0,56.0,10.0
2026-04-03,ALL,APR26,67135,-45,4035.1200000000003,28521.94,27.5
2026-04-03,RET,APR26,67135,-45,2798.1200000000003,9960.94,0.5
2026-04-03,ALL,MAY26,67455,-35,215.9,2341.9,48.4
2026-04-03,RET,MAY26,67455,-35,11.9,127.9,1.4000000000000001
2026-04-03,ALL,JUN26,67700,-35,0.1,385.2,0.1
2026-04-03,RET,JUN26,67700,-35,0.1,79.2,0.1
2026-04-03,ALL,JUL26,68005,-35,0.0,23.1,0.0
2026-04-03,RET,JUL26,68005,-35,0.0,1.1,0.0
2026-04-03,ALL,SEP26,68700,-45,0.0,158.3,0.0
2026-04-03,RET,SEP26,68700,-45,0.0,1.3,0.0
2026-04-03,ALL,DEC26,69605,-50,0.0,65.0,0.0
2026-04-03,RET,DEC26,69605,-50,0.0,5.0,0.0
2026-04-03,OPT,APR26,2.00,-,3.0,-177.0,-2.0
2026-04-03,OPT,MAY26,0.00,-,2.0,-97.0,2.0
2026-04-06,ALL,APR26,69945,+2810,19011.88,28946.78,1055.14
2026-04-06,RET,APR26,69945,+2810,8911.880000000001,9958.78,628.1400000000001
2026-04-06,ALL,MAY26,70280,+2825,3114.7,3531.7,1189.8
2026-04-06,RET,MAY26,70280,+2825,183.70000000000002,157.70000000000002,29.8
2026-04-06,ALL,JUN26,70555,+2855,47.900000000000006,402.4,17.200000000000003
2026-04-06,RET,JUN26,70555,+2855,22.900000000000002,89.4,10.200000000000001
2026-04-06,ALL,JUL26,70875,+2870,0.0,23.1,0.0
2026-04-06,RET,JUL26,70875,+2870,0.0,1.1,0.0
2026-04-06,ALL,SEP26,71535,+2835,0.0,158.3,0.0
2026-04-06,RET,SEP26,71535,+2835,0.0,1.3,0.0
2026-04-06,ALL,DEC26,72480,+2875,0.0,65.0,0.0
2026-04-06,RET,DEC26,72480,+2875,0.0,5.0,0.0
2026-04-06,OPT,APR26,0.48,-,89.0,-147.0,30.0
2026-04-06,OPT,MAY26,0.50,-,12.0,-91.0,6.0
2026-04-06,OPT,SEP26,0.00,-,2.0,-55.0,0.0
2026-04-07,ALL,APR26,69170,-775,16466.58,28162.98,-1144.6
2026-04-07,RET,APR26,69170,-775,7854.580000000001,9957.98,-361.6
2026-04-07,ALL,MAY26,69490,-790,1506.2,3696.3,164.6
2026-04-07,RET,MAY26,69490,-790,60.2,149.3,-8.4
2026-04-07,ALL,JUN26,69740,-815,45.0,404.3,1.9
2026-04-07,RET,JUN26,69740,-815,17.0,87.30000000000001,-2.1
2026-04-07,ALL,JUL26,70060,-815,0.0,23.1,0.0
2026-04-07,RET,JUL26,70060,-815,0.0,1.1,0.0
2026-04-07,ALL,SEP26,70775,-760,0.2,158.4,0.1
2026-04-07,RET,SEP26,70775,-760,0.2,1.4000000000000001,0.1
2026-04-07,ALL,DEC26,71710,-770,0.1,65.0,0.0
2026-04-07,RET,DEC26,71710,-770,0.1,5.0,0.0
2026-04-07,OPT,APR26,0.37,-,92.0,-172.0,-25.0
2026-04-07,OPT,MAY26,0.75,-,14.0,-89.0,2.0
2026-04-07,OPT,AUG26,0.00,-,2.0,58.0,2.0
2026-04-07,OPT,SEP26,0.00,-,12.0,-67.0,-12.0
2026-04-08,ALL,APR26,71475,+2305,21683.98,27912.6,-366.38
2026-04-08,RET,APR26,71475,+2305,8844.98,9958.6,-115.38
2026-04-08,ALL,MAY26,71815,+2325,2716.3,4568.2,871.9
2026-04-08,RET,MAY26,71815,+2325,138.3,177.20000000000002,27.900000000000002
2026-04-08,ALL,JUN26,72065,+2325,98.8,449.0,44.7
2026-04-08,RET,JUN26,72065,+2325,18.8,95.0,7.7
2026-04-08,ALL,JUL26,72380,+2320,6.0,26.1,3.0
2026-04-08,RET,JUL26,72380,+2320,0.0,1.1,0.0
2026-04-08,ALL,AUG26,72685,+0,4.0,2.0,2.0
2026-04-08,RET,AUG26,72685,+0,0,0,0
2026-04-08,ALL,SEP26,73100,+2325,0.0,158.4,0.0
2026-04-08,RET,SEP26,73100,+2325,0.0,1.4000000000000001,0.0
2026-04-08,ALL,DEC26,73830,+2120,0.1,64.9,-0.1
2026-04-08,RET,DEC26,73830,+2120,0.1,4.9,-0.1
2026-04-08,OPT,APR26,0.68,-,104.0,-133.0,39.0
2026-04-08,OPT,MAY26,5.00,-,6.0,-90.0,-1.0
2026-04-08,OPT,JUN26,0.00,-,64.0,-272.0,63.0
2026-04-09,ALL,APR26,72290,+815,14185.7,27970.74,276.20000000000005
2026-04-09,RET,APR26,72290,+815,6843.700000000001,9958.74,181.20000000000002
2026-04-09,ALL,MAY26,72620,+805,1287.8,5042.6,474.4
2026-04-09,RET,MAY26,72620,+805,85.80000000000001,171.60000000000002,-5.6000000000000005
2026-04-09,ALL,JUN26,72880,+815,25.700000000000003,452.8,3.8000000000000003
2026-04-09,RET,JUN26,72880,+815,8.700000000000001,98.80000000000001,3.8000000000000003
2026-04-09,ALL,JUL26,73190,+810,0.0,26.1,0.0
2026-04-09,RET,JUL26,73190,+810,0.0,1.1,0.0
2026-04-09,ALL,AUG26,73495,+810,0.0,2.0,0.0
2026-04-09,RET,AUG26,73495,+810,0,0,0
2026-04-09,ALL,SEP26,73895,+795,0.0,158.4,0.0
2026-04-09,RET,SEP26,73895,+795,0.0,1.4000000000000001,0.0
2026-04-09,ALL,DEC26,74830,+1000,0.5,64.9,0.0
2026-04-09,RET,DEC26,74830,+1000,0.5,4.9,0.0
2026-04-09,OPT,APR26,0.41,-,48.0,-118.0,15.0
2026-04-09,OPT,MAY26,6.33,-,22.0,-103.0,-13.0
2026-04-09,OPT,JUN26,0.10,-,43.0,-240.0,32.0
2026-04-09,OPT,SEP26,0.00,-,2.0,-67.0,0.0
2026-04-10,ALL,APR26,73485,+1195,14239.52,27723.38,-214.62
2026-04-10,RET,APR26,73485,+1195,7045.52,9959.38,24.380000000000003
2026-04-10,ALL,MAY26,73825,+1205,1729.4,5660.9,618.3
2026-04-10,RET,MAY26,73825,+1205,135.4,202.9,31.3
2026-04-10,ALL,JUN26,74075,+1195,32.6,462.1,9.3
2026-04-10,RET,JUN26,74075,+1195,14.600000000000001,103.10000000000001,4.3
2026-04-10,ALL,JUL26,74390,+1200,2.0,27.1,1.0
2026-04-10,RET,JUL26,74390,+1200,0.0,1.1,0.0
2026-04-10,ALL,AUG26,74695,+1200,0.0,2.0,0.0
2026-04-10,RET,AUG26,74695,+1200,0,0,0
2026-04-10,ALL,SEP26,75130,+1235,0.0,158.4,0.0
2026-04-10,RET,SEP26,75130,+1235,0.0,1.4000000000000001,0.0
2026-04-10,ALL,DEC26,75950,+1120,2.0,66.1,1.2
2026-04-10,RET,DEC26,75950,+1120,1.0,5.1000000000000005,0.2
2026-04-10,OPT,APR26,1.18,-,24.0,-124.0,-6.0
2026-04-10,OPT,MAY26,0.00,-,5.0,-107.0,-4.0
2026-04-10,OPT,JUN26,0.00,-,40.0,-201.0,39.0
2026-04-10,OPT,SEP26,0.00,-,6.0,-62.0,5.0
2026-04-13,ALL,APR26,73505,+20,17676.34,28359.3,-920.78
2026-04-13,RET,APR26,73505,+20,8466.34,11413.3,-102.78
2026-04-13,ALL,MAY26,73835,+10,3263.0,5968.6,307.7
2026-04-13,RET,MAY26,73835,+10,343.0,202.60000000000002,-0.30000000000000004
2026-04-13,ALL,JUN26,74090,+15,122.7,470.0,7.9
2026-04-13,RET,JUN26,74090,+15,44.7,116.0,12.9
2026-04-13,ALL,JUL26,74405,+15,3.8,28.5,1.4
2026-04-13,RET,JUL26,74405,+15,0.8,1.5,0.4
2026-04-13,ALL,AUG26,74695,+0,1.0,3.0,1.0
2026-04-13,RET,AUG26,74695,+0,0,0,0
2026-04-13,ALL,SEP26,75095,-35,0.0,158.4,0.0
2026-04-13,RET,SEP26,75095,-35,0.0,1.4000000000000001,0.0
2026-04-13,ALL,DEC26,76200,+250,2.4000000000000004,66.1,0.0
2026-04-13,RET,DEC26,76200,+250,1.4000000000000001,5.1000000000000005,0.0
2026-04-13,OPT,APR26,1.21,-,42.0,-116.0,8.0
2026-04-13,OPT,MAY26,0.22,-,11.0,-104.0,3.0
2026-04-13,OPT,SEP26,0.00,-,6.0,-56.0,6.0
2026-04-14,ALL,APR26,74400,+895,22054.059999999998,27554.7,-778.82
2026-04-14,RET,APR26,74400,+895,9801.06,11465.7,76.18
2026-04-14,ALL,MAY26,74740,+905,4043.4,7342.3,1373.7
2026-04-14,RET,MAY26,74740,+905,390.40000000000003,208.3,5.7
2026-04-14,ALL,JUN26,75000,+910,212.1,423.3,-46.7
2026-04-14,RET,JUN26,75000,+910,25.1,130.3,14.3
2026-04-14,ALL,JUL26,75300,+895,6.9,30.2,1.7000000000000002
2026-04-14,RET,JUL26,75300,+895,0.9,2.2,0.7000000000000001
2026-04-14,ALL,AUG26,75605,+910,4.0,4.0,1.0
2026-04-14,RET,AUG26,75605,+910,0,0,0
2026-04-14,ALL,SEP26,76000,+905,2.0,159.4,1.0
2026-04-14,RET,SEP26,76000,+905,0.0,1.4000000000000001,0.0
2026-04-14,ALL,DEC26,76855,+655,0.0,66.1,0.0
2026-04-14,RET,DEC26,76855,+655,0.0,5.1000000000000005,0.0
2026-04-14,OPT,APR26,0.88,-,49.0,-122.0,-6.0
2026-04-14,OPT,MAY26,0.00,-,1.0,-104.0,0.0
2026-04-14,OPT,JUN26,0.40,-,14.0,-201.0,0.0
2026-04-14,OPT,SEP26,0.50,-,3.0,-55.0,1.0
2026-04-15,ALL,APR26,75175,+775,14036.220000000001,27085.7,-398.78
2026-04-15,RET,APR26,75175,+775,6908.22,11465.7,64.22
2026-04-15,ALL,MAY26,75530,+790,2502.7,8392.6,1050.3
2026-04-15,RET,MAY26,75530,+790,222.70000000000002,231.60000000000002,23.3
2026-04-15,ALL,JUN26,75800,+800,30.4,425.8,2.5
2026-04-15,RET,JUN26,75800,+800,9.4,132.8,2.5
2026-04-15,ALL,JUL26,76135,+835,4.3,29.9,-0.30000000000000004
2026-04-15,RET,JUL26,76135,+835,0.30000000000000004,1.9000000000000001,-0.30000000000000004
2026-04-15,ALL,AUG26,76440,+835,2.0,3.0,-1.0
2026-04-15,RET,AUG26,76440,+835,0,0,0
2026-04-15,ALL,SEP26,76835,+835,0.1,159.5,0.1
2026-04-15,RET,SEP26,76835,+835,0.1,1.5,0.1
2026-04-15,ALL,DEC26,77710,+855,0.0,66.1,0.0
2026-04-15,RET,DEC26,77710,+855,0.0,5.1000000000000005,0.0
2026-04-15,OPT,APR26,1.14,-,92.0,-146.0,-24.0
2026-04-15,OPT,MAY26,0.00,-,5.0,-109.0,-5.0
2026-04-15,OPT,JUN26,1.00,-,4.0,-204.0,-3.0
2026-04-15,OPT,DEC26,0.00,-,1.0,5.0,1.0
2026-04-16,ALL,APR26,75510,+335,14659.0,26493.7,-670.4000000000001
2026-04-16,RET,APR26,75510,+335,7555.000000000001,11465.7,-52.400000000000006
2026-04-16,ALL,MAY26,75865,+335,2554.3,9539.0,1146.4
2026-04-16,RET,MAY26,75865,+335,432.3,318.0,86.4
2026-04-16,ALL,JUN26,76150,+350,31.7,430.6,4.8
2026-04-16,RET,JUN26,76150,+350,6.7,134.6,1.8
2026-04-16,ALL,JUL26,76485,+350,2.4,30.1,0.2
2026-04-16,RET,JUL26,76485,+350,0.4,2.1,0.2
2026-04-16,ALL,AUG26,76790,+350,0.0,3.0,0.0
2026-04-16,RET,AUG26,76790,+350,0,0,0
2026-04-16,ALL,SEP26,77185,+350,0.0,159.5,0.0
2026-04-16,RET,SEP26,77185,+350,0.0,1.5,0.0
2026-04-16,ALL,DEC26,77995,+285,0.0,66.1,0.0
2026-04-16,RET,DEC26,77995,+285,0.0,5.1000000000000005,0.0
2026-04-16,OPT,APR26,0.86,-,80.0,-136.0,10.0
2026-04-16,OPT,MAY26,0.56,-,14.0,-100.0,9.0
2026-04-16,OPT,JUN26,0.00,-,9.0,-195.0,9.0
2026-04-16,OPT,DEC26,0.00,-,1.0,6.0,1.0
2026-04-17,ALL,APR26,77600,+2090,24252.28,23581.98,-1247.32
2026-04-17,RET,APR26,77600,+2090,9657.279999999999,9944.98,143.68
2026-04-17,ALL,MAY26,77970,+2105,7328.6,11925.1,2386.1
2026-04-17,RET,MAY26,77970,+2105,417.6,380.1,62.1
2026-04-17,ALL,JUN26,78260,+2110,205.7,500.9,70.3
2026-04-17,RET,JUN26,78260,+2110,21.700000000000003,140.9,6.300000000000001
2026-04-17,ALL,JUL26,78570,+2085,16.6,32.6,2.5
2026-04-17,RET,JUL26,78570,+2085,0.6000000000000001,2.6,0.5
2026-04-17,ALL,AUG26,78875,+2085,0.1,3.1,0.1
2026-04-17,RET,AUG26,78875,+2085,0.1,0.1,0.1
2026-04-17,ALL,SEP26,79270,+2085,0.0,159.5,0.0
2026-04-17,RET,SEP26,79270,+2085,0.0,1.5,0.0
2026-04-17,ALL,DEC26,80435,+2440,0.1,66.2,0.1
2026-04-17,RET,DEC26,80435,+2440,0.1,5.2,0.1
2026-04-17,OPT,APR26,0.09,-,130.0,-131.0,5.0
2026-04-17,OPT,MAY26,0.20,-,18.0,-89.0,11.0
2026-04-17,OPT,JUN26,0.10,-,11.0,-189.0,6.0
2026-04-17,OPT,SEP26,2.00,-,6.0,-59.0,-4.0
2026-04-17,OPT,DEC26,0.00,-,1.0,7.0,1.0
2026-04-20,ALL,APR26,76380,-1220,21082.940000000002,21363.879999999997,-2171.7999999999997
2026-04-20,RET,APR26,76380,-1220,8472.94,9986.88,91.20000000000002
2026-04-20,ALL,MAY26,76740,-1230,8704.06,13835.26,1910.1599999999999
2026-04-20,RET,MAY26,76740,-1230,741.0600000000001,486.26000000000005,106.16
2026-04-20,ALL,JUN26,77030,-1230,160.6,563.3,62.4
2026-04-20,RET,JUN26,77030,-1230,15.600000000000001,141.3,0.4
2026-04-20,ALL,JUL26,77320,-1250,73.9,65.8,33.2
2026-04-20,RET,JUL26,77320,-1250,0.9,2.8000000000000003,0.2
2026-04-20,ALL,AUG26,77625,-1250,0.1,3.2,0.1
2026-04-20,RET,AUG26,77625,-1250,0.1,0.2,0.1
2026-04-20,ALL,SEP26,78020,-1250,0.2,159.7,0.2
2026-04-20,RET,SEP26,78020,-1250,0.2,1.7000000000000002,0.2
2026-04-20,ALL,DEC26,79160,-1275,0.2,66.4,0.2
2026-04-20,RET,DEC26,79160,-1275,0.2,5.4,0.2
2026-04-20,OPT,APR26,0.95,-,37.0,-164.0,-20.0
2026-04-20,OPT,MAY26,19.67,-,62.0,-131.0,-42.0
2026-04-20,OPT,JUN26,0.33,-,24.0,-177.0,12.0
2026-04-20,OPT,SEP26,0.50,-,6.0,-57.0,2.0
2026-04-21,ALL,APR26,75060,-1320,16237.779999999999,10638.720000000001,-2973.46
2026-04-21,RET,APR26,75060,-1320,5374.780000000001,2056.7200000000003,-205.46000000000004
2026-04-21,ALL,MAY26,75415,-1325,7724.08,16313.66,2478.4
2026-04-21,RET,MAY26,75415,-1325,787.08,590.6600000000001,104.4
2026-04-21,ALL,JUN26,75710,-1320,183.7,640.9,77.6
2026-04-21,RET,JUN26,75710,-1320,12.700000000000001,144.9,3.6
2026-04-21,ALL,JUL26,76030,-1290,22.7,69.1,3.3
2026-04-21,RET,JUL26,76030,-1290,1.7000000000000002,4.1000000000000005,1.3
2026-04-21,ALL,AUG26,76335,-1290,0.0,3.2,0.0
2026-04-21,RET,AUG26,76335,-1290,0.0,0.2,0.0
2026-04-21,ALL,SEP26,76730,-1290,0.0,159.7,0.0
2026-04-21,RET,SEP26,76730,-1290,0.0,1.7000000000000002,0.0
2026-04-21,ALL,DEC26,77675,-1485,0.1,66.5,0.1
2026-04-21,RET,DEC26,77675,-1485,0.1,5.5,0.1
2026-04-21,OPT,APR26,0.22,-,60.0,-185.0,-21.0
2026-04-21,OPT,MAY26,0.77,-,55.0,-130.0,1.0
2026-04-22,ALL,APR26,78935,+3875,21126.24,15136.4,-3539.8199999999997
2026-04-22,RET,APR26,78935,+3875,7681.24,9969.4,-218.82000000000002
2026-04-22,ALL,MAY26,79370,+3955,14657.740000000002,20540.18,4226.52
2026-04-22,RET,MAY26,79370,+3955,2105.7400000000002,1229.18,638.5200000000001
2026-04-22,ALL,JUN26,79665,+3955,434.1,800.7,159.8
2026-04-22,RET,JUN26,79665,+3955,53.1,175.70000000000002,30.8
2026-04-22,ALL,JUL26,80015,+3985,47.9,71.1,2.0
2026-04-22,RET,JUL26,80015,+3985,0.9,4.1000000000000005,0.0
2026-04-22,ALL,AUG26,80320,+3985,2.2,5.4,2.2
2026-04-22,RET,AUG26,80320,+3985,2.2,2.4000000000000004,2.2
2026-04-22,ALL,SEP26,80715,+3985,0.0,159.7,0.0
2026-04-22,RET,SEP26,80715,+3985,0.0,1.7000000000000002,0.0
2026-04-22,ALL,DEC26,81805,+4130,1.3,67.5,1.0
2026-04-22,RET,DEC26,81805,+4130,1.3,6.5,1.0
2026-04-22,OPT,APR26,0.77,-,76.0,-167.0,18.0
2026-04-22,OPT,MAY26,1.60,-,39.0,-140.0,-10.0
2026-04-22,OPT,JUN26,0.83,-,11.0,-175.0,2.0
2026-04-22,OPT,JUL26,0.00,-,1.0,51.0,0.0
2026-04-22,OPT,SEP26,0.00,-,4.0,-53.0,4.0
2026-04-22,OPT,DEC26,0.00,-,2.0,7.0,0.0
2026-04-23,ALL,APR26,77760,-1175,13256.04,4279.96,-2571.84
2026-04-23,RET,APR26,77760,-1175,4824.04,1403.96,-433.84000000000003
2026-04-23,ALL,MAY26,78235,-1135,11780.78,21416.98,877.8
2026-04-23,RET,MAY26,78235,-1135,2733.78,1320.98,91.8
2026-04-23,ALL,JUN26,78565,-1100,871.9,1158.3,357.6
2026-04-23,RET,JUN26,78565,-1100,27.900000000000002,177.3,1.6
2026-04-23,ALL,JUL26,78920,-1095,1.7000000000000002,71.4,0.30000000000000004
2026-04-23,RET,JUL26,78920,-1095,0.7000000000000001,4.4,0.30000000000000004
2026-04-23,ALL,AUG26,79225,-1095,0.2,5.6,0.2
2026-04-23,RET,AUG26,79225,-1095,0.2,2.6,0.2
2026-04-23,ALL,SEP26,79580,-1135,0.1,159.8,0.1
2026-04-23,RET,SEP26,79580,-1135,0.1,1.8,0.1
2026-04-23,ALL,DEC26,80645,-1160,1.0,68.5,1.0
2026-04-23,RET,DEC26,80645,-1160,1.0,7.5,1.0
2026-04-23,OPT,APR26,1.00,-,38.0,-173.0,6.0
2026-04-23,OPT,MAY26,0.22,-,11.0,-134.0,6.0
2026-04-23,OPT,JUN26,0.50,-,6.0,-177.0,-2.0
2026-04-24,ALL,APR26,77938,+178,3086.8,12593.92,-478.94000000000005
2026-04-24,RET,APR26,77938,+178,1727.8000000000002,9962.92,-104.94000000000001
2026-04-24,ALL,MAY26,78015,-220,14407.920000000002,21705.5,303.52
2026-04-24,RET,MAY26,78015,-220,5944.92,1542.5,221.52
2026-04-24,ALL,JUN26,78335,-230,1302.2,1650.0,491.7
2026-04-24,RET,JUN26,78335,-230,123.2,194.0,16.7
2026-04-24,ALL,JUL26,78715,-205,16.5,74.3,2.9000000000000004
2026-04-24,RET,JUL26,78715,-205,2.5,6.300000000000001,1.9000000000000001
2026-04-24,ALL,AUG26,79020,-205,4.0,8.6,3.0
2026-04-24,RET,AUG26,79020,-205,0.0,2.6,0.0
2026-04-24,ALL,SEP26,79370,-210,0.0,159.8,0.0
2026-04-24,RET,SEP26,79370,-210,0.0,1.8,0.0
2026-04-24,ALL,DEC26,80510,-135,0.0,68.5,0.0
2026-04-24,RET,DEC26,80510,-135,0.0,7.5,0.0
2026-04-24,OPT,APR26,3.50,-,9.0,0.0,173.0
2026-04-24,OPT,MAY26,4.17,-,62.0,-167.0,-33.0
2026-04-24,OPT,JUN26,0.50,-,6.0,-179.0,-2.0
2026-04-24,OPT,SEP26,0.00,-,2.0,-51.0,2.0
2026-04-24,OPT,DEC26,0.00,-,1.0,6.0,-1.0
2026-04-27,ALL,APR26,77938,+0,0.0,9941.5,-3912.0200000000004
2026-04-27,RET,APR26,77938,+0,0.0,9941.5,-1284.0200000000002
2026-04-27,ALL,MAY26,77190,-825,15857.98,21255.72,-449.78
2026-04-27,RET,MAY26,77190,-825,7475.9800000000005,1627.72,85.22
2026-04-27,ALL,JUN26,77510,-825,1289.3,2015.8,365.8
2026-04-27,RET,JUN26,77510,-825,139.3,191.8,-2.2
2026-04-27,ALL,JUL26,77880,-835,46.4,81.0,6.700000000000001
2026-04-27,RET,JUL26,77880,-835,15.4,17.0,10.700000000000001
2026-04-27,ALL,AUG26,78195,-825,2.3,10.9,2.3
2026-04-27,RET,AUG26,78195,-825,0.30000000000000004,2.9000000000000004,0.30000000000000004
2026-04-27,ALL,SEP26,78545,-825,2.0,157.8,-2.0
2026-04-27,RET,SEP26,78545,-825,0.0,1.8,0.0
2026-04-27,ALL,DEC26,79640,-870,0.6000000000000001,68.0,-0.5
2026-04-27,RET,DEC26,79640,-870,0.6000000000000001,7.0,-0.5
2026-04-27,OPT,MAY26,1.89,-,81.0,-148.0,19.0
2026-04-27,OPT,JUN26,0.04,-,27.0,-161.0,18.0
2026-04-27,OPT,SEP26,0.50,-,3.0,-50.0,1.0
2026-04-27,OPT,DEC26,0.00,-,7.0,13.0,7.0
2026-04-28,ALL,MAY26,76660,-530,9309.36,20933.9,-319.8
2026-04-28,RET,MAY26,76660,-530,4362.36,1648.9,21.2
2026-04-28,ALL,JUN26,76980,-530,878.0,2349.2,333.4
2026-04-28,RET,JUN26,76980,-530,70.0,207.20000000000002,15.4
2026-04-28,ALL,JUL26,77350,-530,25.3,83.3,2.3
2026-04-28,RET,JUL26,77350,-530,6.300000000000001,18.3,1.3
2026-04-28,ALL,AUG26,77685,-510,0.0,10.9,0.0
2026-04-28,RET,AUG26,77685,-510,0.0,2.9000000000000004,0.0
2026-04-28,ALL,SEP26,78035,-510,0.0,157.8,0.0
2026-04-28,RET,SEP26,78035,-510,0.0,1.8,0.0
2026-04-28,ALL,DEC26,79075,-565,0.0,68.0,0.0
2026-04-28,RET,DEC26,79075,-565,0.0,7.0,0.0
2026-04-28,OPT,MAY26,0.10,-,32.0,-124.0,24.0
2026-04-28,OPT,JUN26,0.00,-,10.0,-153.0,8.0
2026-04-29,ALL,MAY26,75775,-885,14250.740000000002,20872.2,-36.69999999999999
2026-04-29,RET,MAY26,75775,-885,6327.740000000001,1925.2,276.3
2026-04-29,ALL,JUN26,76090,-890,1152.4,2672.3,323.1
2026-04-29,RET,JUN26,76090,-890,109.4,170.3,-36.9
2026-04-29,ALL,JUL26,76465,-885,23.3,88.3,5.0
2026-04-29,RET,JUL26,76465,-885,1.3,17.3,-1.0
2026-04-29,ALL,AUG26,76810,-875,3.2,11.1,0.2
2026-04-29,RET,AUG26,76810,-875,0.2,3.1,0.2
2026-04-29,ALL,SEP26,77160,-875,0.1,157.9,0.1
2026-04-29,RET,SEP26,77160,-875,0.1,1.9000000000000001,0.1
2026-04-29,ALL,DEC26,78245,-830,0.0,68.0,0.0
2026-04-29,RET,DEC26,78245,-830,0.0,7.0,0.0
2026-04-29,OPT,MAY26,1.71,-,38.0,-109.0,15.0
2026-04-29,OPT,JUN26,1.50,-,5.0,-153.0,0.0
2026-04-29,OPT,SEP26,1.67,-,8.0,-52.0,-2.0
2026-04-29,OPT,OCT26,0.00,-,1.0,1.0,1.0
2026-04-30,ALL,MAY26,76740,+965,9133.36,20523.719999999998,-347.48
2026-04-30,RET,MAY26,76740,+965,4676.360000000001,1825.7200000000003,-99.48
2026-04-30,ALL,JUN26,77060,+970,763.5,2932.0,259.8
2026-04-30,RET,JUN26,77060,+970,42.5,173.0,2.8000000000000003
2026-04-30,ALL,JUL26,77430,+965,8.3,92.3,4.0
2026-04-30,RET,JUL26,77430,+965,0.30000000000000004,17.3,0.0
2026-04-30,ALL,AUG26,77775,+965,0.0,11.1,0.0
2026-04-30,RET,AUG26,77775,+965,0.0,3.1,0.0
2026-04-30,ALL,SEP26,78105,+945,0.6000000000000001,157.9,0.0
2026-04-30,RET,SEP26,78105,+945,0.6000000000000001,1.9000000000000001,0.0
2026-04-30,ALL,DEC26,79140,+895,0.9,68.0,0.0
2026-04-30,RET,DEC26,79140,+895,0.9,7.0,0.0
2026-04-30,OPT,MAY26,1.83,-,17.0,-113.0,-4.0
2026-04-30,OPT,SEP26,0.00,-,9.0,-61.0,-9.0
2026-04-30,OPT,OCT26,0.00,-,2.0,-1.0,-2.0
2026-05-01,ALL,MAY26,78775,+2035,15104.7,21823.739999999998,1302.02
2026-05-01,RET,MAY26,78775,+2035,5049.7,2218.74,393.02000000000004
2026-05-01,ALL,JUN26,79105,+2045,1171.4,3249.0,317.0
2026-05-01,RET,JUN26,79105,+2045,71.4,172.0,-1.0
2026-05-01,ALL,JUL26,79480,+2050,12.6,93.8,1.5
2026-05-01,RET,JUL26,79480,+2050,3.6,19.8,2.5
2026-05-01,ALL,AUG26,79810,+2035,0.5,10.7,-0.4
2026-05-01,RET,AUG26,79810,+2035,0.5,2.7,-0.4
2026-05-01,ALL,SEP26,80140,+2035,0.0,157.9,0.0
2026-05-01,RET,SEP26,80140,+2035,0.0,1.9000000000000001,0.0
2026-05-01,ALL,DEC26,81205,+2065,0.5,68.0,0.0
2026-05-01,RET,DEC26,81205,+2065,0.5,7.0,0.0
2026-05-01,OPT,MAY26,0.14,-,50.0,-82.0,31.0
2026-05-01,OPT,JUN26,0.50,-,6.0,-151.0,2.0
2026-05-01,OPT,DEC26,0.00,-,1.0,12.0,-1.0
2026-05-04,ALL,MAY26,80390,+1615,22303.6,21803.100000000002,-31.939999999999998
2026-05-04,RET,MAY26,80390,+1615,10120.6,2403.1000000000004,173.06
2026-05-04,ALL,JUN26,80720,+1615,1641.9,3636.7,387.7
2026-05-04,RET,JUN26,80720,+1615,176.9,189.70000000000002,17.7
2026-05-04,ALL,JUL26,81110,+1630,30.2,95.0,1.2
2026-05-04,RET,JUL26,81110,+1630,2.2,19.0,-0.8
2026-05-04,ALL,AUG26,81450,+1640,6.0,12.7,2.0
2026-05-04,RET,AUG26,81450,+1640,0.0,2.7,0.0
2026-05-04,ALL,SEP26,81785,+1645,0.1,157.9,0.0
2026-05-04,RET,SEP26,81785,+1645,0.1,1.9000000000000001,0.0
2026-05-04,ALL,DEC26,82870,+1665,0.0,68.0,0.0
2026-05-04,RET,DEC26,82870,+1665,0.0,7.0,0.0
2026-05-04,OPT,MAY26,0.71,-,77.0,-87.0,-5.0
2026-05-04,OPT,JUN26,0.00,-,15.0,-139.0,12.0
2026-05-04,OPT,JUL26,0.00,-,6.0,57.0,6.0
2026-05-04,OPT,AUG26,0.00,-,6.0,64.0,6.0
2026-05-04,OPT,SEP26,0.00,-,36.0,-61.0,0.0
2026-05-05,ALL,MAY26,81945,+1555,12638.92,21807.399999999998,4.300000000000011
2026-05-05,RET,MAY26,81945,+1555,5639.92,2507.4,104.30000000000001
2026-05-05,ALL,JUN26,82285,+1565,1035.5,3981.3,344.6
2026-05-05,RET,JUN26,82285,+1565,86.5,192.3,2.6
2026-05-05,ALL,JUL26,82675,+1565,12.4,94.6,-0.3999999999999999
2026-05-05,RET,JUL26,82675,+1565,1.4000000000000001,19.6,0.6000000000000001
2026-05-05,ALL,AUG26,83005,+1555,3.4000000000000004,8330.0,0.30000000000000004
2026-05-05,RET,AUG26,83005,+1555,3.4000000000000004,8320.0,0.30000000000000004
2026-05-05,ALL,SEP26,83350,+1565,1.2,157.9,0.0
2026-05-05,RET,SEP26,83350,+1565,0.2,1.9000000000000001,0.0
2026-05-05,ALL,OCT26,83730,+0,1.0,1.0,1.0
2026-05-05,RET,OCT26,83730,+0,0,0,0
2026-05-05,ALL,DEC26,84455,+1585,0.4,68.1,0.1
2026-05-05,RET,DEC26,84455,+1585,0.4,7.1000000000000005,0.1
2026-05-05,OPT,MAY26,0.85,-,24.0,-89.0,-2.0
2026-05-05,OPT,JUN26,0.62,-,55.0,-129.0,10.0
2026-05-05,OPT,JUL26,0.00,-,1.0,56.0,-1.0
2026-05-05,OPT,SEP26,0.17,-,7.0,-56.0,5.0
2026-05-05,OPT,DEC26,0.00,-,1.0,13.0,1.0
2026-05-06,ALL,MAY26,81735,-210,14900.6,20749.68,-1067.72
2026-05-06,RET,MAY26,81735,-210,6756.6,2333.68,-173.72000000000003
2026-05-06,ALL,JUN26,82075,-210,1330.4,4435.6,454.3
2026-05-06,RET,JUN26,82075,-210,108.4,190.60000000000002,-1.7000000000000002
2026-05-06,ALL,JUL26,82455,-220,28.0,100.2,5.6
2026-05-06,RET,JUL26,82455,-220,1.0,19.200000000000003,-0.4
2026-05-06,ALL,AUG26,82800,-205,0.0,13.0,0.0
2026-05-06,RET,AUG26,82800,-205,0.0,3.0,0.0
2026-05-06,ALL,SEP26,83150,-200,2.2,159.9,2.0
2026-05-06,RET,SEP26,83150,-200,0.2,1.9000000000000001,0.0
2026-05-06,ALL,OCT26,83520,-210,2.0,3.0,2.0
2026-05-06,RET,OCT26,83520,-210,0,0,0
2026-05-06,ALL,DEC26,84315,-140,0.2,67.9,-0.2
2026-05-06,RET,DEC26,84315,-140,0.2,6.9,-0.2
2026-05-06,OPT,MAY26,4.50,-,22.0,-92.0,-3.0
2026-05-06,OPT,JUN26,4.75,-,23.0,-118.0,11.0
2026-05-07,ALL,MAY26,80345,-1390,13224.54,20620.2,-119.97999999999999
2026-05-07,RET,MAY26,80345,-1390,5768.54,2389.2,56.02
2026-05-07,ALL,JUN26,80680,-1395,1242.6,4598.0,162.4
2026-05-07,RET,JUN26,80680,-1395,84.60000000000001,184.0,-6.6000000000000005
2026-05-07,ALL,JUL26,81065,-1390,10.1,101.9,1.7000000000000002
2026-05-07,RET,JUL26,81065,-1390,2.1,19.900000000000002,0.7000000000000001
2026-05-07,ALL,AUG26,81405,-1395,0.0,13.0,0.0
2026-05-07,RET,AUG26,81405,-1395,0.0,3.0,0.0
2026-05-07,ALL,SEP26,81755,-1395,0.0,159.9,0.0
2026-05-07,RET,SEP26,81755,-1395,0.0,1.9000000000000001,0.0
2026-05-07,ALL,OCT26,82150,-1370,0.0,3.0,0.0
2026-05-07,RET,OCT26,82150,-1370,0,0,0
2026-05-07,ALL,DEC26,82920,-1395,0.0,67.9,0.0
2026-05-07,RET,DEC26,82920,-1395,0.0,6.9,0.0
2026-05-07,OPT,MAY26,1.00,-,14.0,-91.0,1.0
2026-05-07,OPT,JUN26,4.00,-,5.0,-122.0,-4.0
2026-05-07,OPT,AUG26,0.00,-,3.0,67.0,3.0
2026-05-08,ALL,MAY26,80385,+40,9628.16,20429.280000000002,-184.92
2026-05-08,RET,MAY26,80385,+40,3905.16,2369.28,-19.92
2026-05-08,ALL,JUN26,80720,+40,1352.5,4995.3,397.3
2026-05-08,RET,JUN26,80720,+40,81.5,193.3,9.3
2026-05-08,ALL,JUL26,81105,+40,76.3,120.1,18.2
2026-05-08,RET,JUL26,81105,+40,3.3000000000000003,21.1,1.2000000000000002
2026-05-08,ALL,AUG26,81445,+40,3.0,13.0,0.0
2026-05-08,RET,AUG26,81445,+40,0.0,3.0,0.0
2026-05-08,ALL,SEP26,81815,+60,0.0,159.9,0.0
2026-05-08,RET,SEP26,81815,+60,0.0,1.9000000000000001,0.0
2026-05-08,ALL,OCT26,82240,+90,0.0,3.0,0.0
2026-05-08,RET,OCT26,82240,+90,0,0,0
2026-05-08,ALL,DEC26,82930,+10,0.0,67.9,0.0
2026-05-08,RET,DEC26,82930,+10,0.0,6.9,0.0
2026-05-08,OPT,MAY26,0.00,-,5.0,-89.0,2.0
2026-05-08,OPT,JUN26,0.62,-,21.0,-126.0,-4.0
2026-05-08,OPT,JUL26,0.00,-,7.0,49.0,-7.0
2026-05-08,OPT,SEP26,0.00,-,5.0,-61.0,-5.0
2026-05-11,ALL,MAY26,82185,+1800,15105.42,20054.92,-347.36
2026-05-11,RET,MAY26,82185,+1800,5531.42,2132.92,-199.36
2026-05-11,ALL,JUN26,82525,+1805,2418.5,5730.7,733.3
2026-05-11,RET,JUN26,82525,+1805,112.5,193.70000000000002,-0.7000000000000001
2026-05-11,ALL,JUL26,82900,+1795,97.2,155.0,34.8
2026-05-11,RET,JUL26,82900,+1795,10.200000000000001,19.0,-2.2
2026-05-11,ALL,AUG26,83240,+1795,0.30000000000000004,13.3,-1.7
2026-05-11,RET,AUG26,83240,+1795,0.30000000000000004,3.3000000000000003,0.30000000000000004
2026-05-11,ALL,SEP26,83590,+1775,2.0,161.9,2.0
2026-05-11,RET,SEP26,83590,+1775,0.0,1.9000000000000001,0.0
2026-05-11,ALL,OCT26,83975,+1735,2.0,5.0,2.0
2026-05-11,RET,OCT26,83975,+1735,0,0,0
2026-05-11,ALL,DEC26,84755,+1825,0.0,67.9,0.0
2026-05-11,RET,DEC26,84755,+1825,0.0,6.9,0.0
2026-05-11,OPT,MAY26,0.75,-,21.0,-77.0,12.0
2026-05-11,OPT,JUN26,0.56,-,25.0,-146.0,-20.0
2026-05-11,OPT,SEP26,3.00,-,8.0,-65.0,-4.0
2026-05-12,ALL,MAY26,80995,-1190,9912.84,19466.48,-588.94
2026-05-12,RET,MAY26,80995,-1190,3653.84,2118.48,-14.94
2026-05-12,ALL,JUN26,81335,-1190,1202.0,6054.5,323.8
2026-05-12,RET,JUN26,81335,-1190,87.0,204.5,10.8
2026-05-12,ALL,JUL26,81720,-1180,14.1,154.1,-0.9
2026-05-12,RET,JUL26,81720,-1180,1.1,19.1,0.1
2026-05-12,ALL,AUG26,82060,-1180,4.1,14.2,0.9
2026-05-12,RET,AUG26,82060,-1180,0.1,3.2,-0.1
2026-05-12,ALL,SEP26,82410,-1180,4.0,161.9,0.0
2026-05-12,RET,SEP26,82410,-1180,0.0,1.9000000000000001,0.0
2026-05-12,ALL,OCT26,82795,-1180,0.0,5.0,0.0
2026-05-12,RET,OCT26,82795,-1180,0,0,0
2026-05-12,ALL,DEC26,83580,-1175,0.0,67.9,0.0
2026-05-12,RET,DEC26,83580,-1175,0.0,6.9,0.0
2026-05-12,OPT,MAY26,0.07,-,30.0,-56.0,21.0
2026-05-12,OPT,JUN26,1.50,-,20.0,-149.0,-3.0
2026-05-12,OPT,JUL26,0.00,-,4.0,45.0,-4.0
2026-05-12,OPT,SEP26,0.00,-,1.0,-66.0,-1.0
2026-05-12,OPT,OCT26,0.00,-,5.0,-6.0,-5.0
2026-05-12,OPT,DEC26,0.00,-,1.0,13.0,0.0
2026-05-13,ALL,MAY26,79745,-1250,13770.32,19264.52,-167.66000000000003
2026-05-13,RET,MAY26,79745,-1250,4538.320000000001,2256.5200000000004,138.34
2026-05-13,ALL,JUN26,80075,-1260,1820.6,6211.4,157.9
2026-05-13,RET,JUN26,80075,-1260,114.60000000000001,228.4,23.900000000000002
2026-05-13,ALL,JUL26,80460,-1260,16.4,157.0,2.9
2026-05-13,RET,JUL26,80460,-1260,5.4,18.0,-1.1
2026-05-13,ALL,AUG26,80800,-1260,0.5,13.9,-0.30000000000000004
2026-05-13,RET,AUG26,80800,-1260,0.5,2.9000000000000004,-0.30000000000000004
2026-05-13,ALL,SEP26,81170,-1240,1.0,162.9,1.0
2026-05-13,RET,SEP26,81170,-1240,0.0,1.9000000000000001,0.0
2026-05-13,ALL,OCT26,81540,-1255,0.0,5.0,0.0
2026-05-13,RET,OCT26,81540,-1255,0,0,0
2026-05-13,ALL,DEC26,82315,-1265,0.0,67.9,0.0
2026-05-13,RET,DEC26,82315,-1265,0.0,6.9,0.0
2026-05-13,OPT,MAY26,7.00,-,8.0,-61.0,-2.0
2026-05-13,OPT,DEC26,0.00,-,1.0,13.0,0.0
2026-05-14,ALL,MAY26,81620,+1875,17808.4,18749.559999999998,-494.62
2026-05-14,RET,MAY26,81620,+1875,5897.400000000001,1854.5600000000002,-401.62
2026-05-14,ALL,JUN26,81965,+1890,2724.1,7061.6,851.2
2026-05-14,RET,JUN26,81965,+1890,207.10000000000002,247.60000000000002,19.200000000000003
2026-05-14,ALL,JUL26,82355,+1895,9.4,159.0,2.0
2026-05-14,RET,JUL26,82355,+1895,2.4000000000000004,18.0,0.0
2026-05-14,ALL,AUG26,82695,+1895,0.7000000000000001,14.3,0.4
2026-05-14,RET,AUG26,82695,+1895,0.7000000000000001,3.3000000000000003,0.4
2026-05-14,ALL,SEP26,83065,+1895,0.0,162.9,0.0
2026-05-14,RET,SEP26,83065,+1895,0.0,1.9000000000000001,0.0
2026-05-14,ALL,OCT26,83460,+1920,0.0,5.0,0.0
2026-05-14,RET,OCT26,83460,+1920,0,0,0
2026-05-14,ALL,DEC26,84165,+1850,1.0,68.9,1.0
2026-05-14,RET,DEC26,84165,+1850,0.0,6.9,0.0
2026-05-14,OPT,MAY26,1.60,-,26.0,-60.0,1.0
2026-05-14,OPT,JUN26,1.14,-,15.0,-153.0,-4.0
2026-05-14,OPT,DEC26,0.00,-,2.0,14.0,1.0
2026-05-15,ALL,MAY26,79210,-2410,17277.16,18119.32,-630.24
2026-05-15,RET,MAY26,79210,-2410,5318.16,2056.32,201.76000000000002
2026-05-15,ALL,JUN26,79530,-2435,2476.2,7094.3,32.7
2026-05-15,RET,JUN26,79530,-2435,244.20000000000002,259.3,11.700000000000001
2026-05-15,ALL,JUL26,79910,-2445,39.0,160.1,1.1
2026-05-15,RET,JUL26,79910,-2445,4.0,18.1,0.1
2026-05-15,ALL,AUG26,80245,-2450,3.0,14.3,0.0
2026-05-15,RET,AUG26,80245,-2450,0.0,3.3000000000000003,0.0
2026-05-15,ALL,SEP26,80595,-2470,0.0,162.9,0.0
2026-05-15,RET,SEP26,80595,-2470,0.0,1.9000000000000001,0.0
2026-05-15,ALL,OCT26,80965,-2495,0.0,5.0,0.0
2026-05-15,RET,OCT26,80965,-2495,0,0,0
2026-05-15,ALL,DEC26,81765,-2400,0.0,68.9,0.0
2026-05-15,RET,DEC26,81765,-2400,0.0,6.9,0.0
2026-05-15,OPT,MAY26,7.20,-,41.0,-63.0,-3.0
2026-05-15,OPT,JUN26,5.40,-,32.0,-169.0,-16.0
2026-05-15,OPT,JUL26,0.00,-,5.0,40.0,-5.0
2026-05-18,ALL,MAY26,76895,-2315,16585.980000000003,17664.1,-433.9
2026-05-18,RET,MAY26,76895,-2315,6188.9800000000005,1766.1000000000001,-279.90000000000003
2026-05-18,ALL,JUN26,77195,-2335,2437.3,7459.1,364.8
2026-05-18,RET,JUN26,77195,-2335,246.3,271.1,11.8
2026-05-18,ALL,JUL26,77560,-2350,21.6,158.0,-2.1
2026-05-18,RET,JUL26,77560,-2350,2.6,18.0,-0.1
2026-05-18,ALL,AUG26,77880,-2365,6.1,13.4,-0.9
2026-05-18,RET,AUG26,77880,-2365,0.1,3.4000000000000004,0.1
2026-05-18,ALL,SEP26,78220,-2375,2.3,162.9,0.0
2026-05-18,RET,SEP26,78220,-2375,0.30000000000000004,1.9000000000000001,0.0
2026-05-18,ALL,OCT26,78590,-2375,3.0,5.0,0.0
2026-05-18,RET,OCT26,78590,-2375,0,0,0
2026-05-18,ALL,DEC26,79390,-2375,3.1,70.4,1.5
2026-05-18,RET,DEC26,79390,-2375,3.1,8.4,1.5
2026-05-18,OPT,MAY26,1.33,-,42.0,-50.0,13.0
2026-05-18,OPT,JUN26,2.40,-,17.0,-175.0,-6.0
2026-05-18,OPT,JUL26,0.00,-,4.0,42.0,2.0
2026-05-18,OPT,DEC26,0.00,-,1.0,14.0,0.0
2026-05-19,ALL,MAY26,76835,-60,9030.12,16429.84,-1234.06
2026-05-19,RET,MAY26,76835,-60,3252.1200000000003,1530.84,-235.06
2026-05-19,ALL,JUN26,77135,-60,1664.4,8019.2,560.1
2026-05-19,RET,JUN26,77135,-60,138.4,272.2,1.1
2026-05-19,ALL,JUL26,77510,-50,3.1,158.3,0.30000000000000004
2026-05-19,RET,JUL26,77510,-50,1.1,18.3,0.30000000000000004
2026-05-19,ALL,AUG26,77825,-55,0.0,13.4,0.0
2026-05-19,RET,AUG26,77825,-55,0.0,3.4000000000000004,0.0
2026-05-19,ALL,SEP26,78175,-45,0.1,162.9,0.0
2026-05-19,RET,SEP26,78175,-45,0.1,1.9000000000000001,0.0
2026-05-19,ALL,OCT26,78570,-20,0.0,5.0,0.0
2026-05-19,RET,OCT26,78570,-20,0,0,0
2026-05-19,ALL,DEC26,79280,-110,1.1,70.8,0.4
2026-05-19,RET,DEC26,79280,-110,1.1,8.8,0.4
2026-05-19,OPT,MAY26,1.50,-,10.0,-44.0,6.0
2026-05-19,OPT,JUN26,0.00,-,4.0,-174.0,1.0
2026-05-19,OPT,AUG26,0.00,-,2.0,65.0,-2.0
2026-05-19,OPT,SEP26,0.00,-,2.0,-65.0,1.0
2026-05-20,ALL,MAY26,77705,+870,11103.779999999999,15628.42,-777.42
2026-05-20,RET,MAY26,77705,+870,4092.78,1564.42,33.58
2026-05-20,ALL,JUN26,78015,+880,2268.6,8787.7,768.5
2026-05-20,RET,JUN26,78015,+880,295.6,289.7,17.5
2026-05-20,ALL,JUL26,78375,+865,16.3,163.5,5.2
2026-05-20,RET,JUL26,78375,+865,2.3000000000000003,18.5,0.2
2026-05-20,ALL,AUG26,78690,+865,0.0,13.4,0.0
2026-05-20,RET,AUG26,78690,+865,0.0,3.4000000000000004,0.0
2026-05-20,ALL,SEP26,79040,+865,3.1,163.9,1.0
2026-05-20,RET,SEP26,79040,+865,0.1,1.9000000000000001,0.0
2026-05-20,ALL,OCT26,79435,+865,1.0,6.0,1.0
2026-05-20,RET,OCT26,79435,+865,0,0,0
2026-05-20,ALL,DEC26,80150,+870,0.0,70.8,0.0
2026-05-20,RET,DEC26,80150,+870,0.0,8.8,0.0
2026-05-20,OPT,MAY26,1.50,-,10.0,-42.0,2.0
2026-05-20,OPT,JUN26,0.00,-,3.0,-177.0,-3.0
2026-05-20,OPT,AUG26,0.00,-,4.0,69.0,4.0
2026-05-20,OPT,SEP26,0.00,-,4.0,-62.0,3.0
2026-05-21,ALL,MAY26,77695,-10,15147.6,14475.1,-1095.0
2026-05-21,RET,MAY26,77695,-10,4732.6,1707.1000000000001,201.0
2026-05-21,ALL,JUN26,78005,-10,4660.0,10294.2,1506.5
2026-05-21,RET,JUN26,78005,-10,197.0,293.2,3.5
2026-05-21,ALL,OCT26,79425,-10,1.0,7.0,1.0
2026-05-21,RET,OCT26,79425,-10,0,0,0
2026-05-21,ALL,DEC26,80140,-10,0.0,70.8,0.0
2026-05-21,RET,DEC26,80140,-10,0.0,8.8,0.0
2026-05-21,OPT,MAY26,5.50,-,13.0,-48.0,-6.0
2026-05-21,OPT,JUN26,1.25,-,9.0,-176.0,1.0
2026-05-22,ALL,MAY26,75775,-1920,14004.9,13821.8,-715.44
2026-05-22,RET,MAY26,75775,-1920,3736.9000000000005,1964.8000000000002,195.56
2026-05-22,ALL,JUN26,76070,-1935,5204.6,11701.4,1407.2
2026-05-22,RET,JUN26,76070,-1935,251.60000000000002,337.40000000000003,44.2
2026-05-22,ALL,JUL26,76455,-1915,87.4,215.3,36.1
2026-05-22,RET,JUL26,76455,-1915,4.4,21.3,2.1
2026-05-22,ALL,AUG26,76775,-1920,2.0,14.9,0.0
2026-05-22,RET,AUG26,76775,-1920,0.0,3.9000000000000004,0.0
2026-05-22,ALL,SEP26,77115,-1920,2.0,165.6,0.0
2026-05-22,RET,SEP26,77115,-1920,0.0,2.6,0.0
2026-05-22,ALL,OCT26,77505,-1920,0.0,7.0,0.0
2026-05-22,RET,OCT26,77505,-1920,0,0,0
2026-05-22,ALL,DEC26,78215,-1925,0.0,70.8,0.0
2026-05-22,RET,DEC26,78215,-1925,0.0,8.8,0.0
2026-05-22,OPT,MAY26,0.00,-,11.0,-57.0,-9.0
2026-05-22,OPT,JUN26,0.40,-,7.0,-176.0,0.0
2026-05-22,OPT,JUL26,0.00,-,5.0,37.0,-5.0
2026-05-22,OPT,SEP26,0.00,-,2.0,-60.0,2.0
2026-05-26,ALL,MAY26,75895,+120,24567.120000000003,9157.76,-4658.24
2026-05-26,RET,MAY26,75895,+120,6709.120000000001,1623.7600000000002,-341.24
2026-05-26,ALL,JUN26,76190,+120,10337.8,14162.0,2460.6
2026-05-26,RET,JUN26,76190,+120,762.8000000000001,576.0,238.60000000000002
2026-05-26,ALL,JUL26,76570,+115,174.9,349.1,133.8
2026-05-26,RET,JUL26,76570,+115,28.900000000000002,43.1,21.8
2026-05-26,ALL,AUG26,76890,+115,0.0,14.9,0.0
2026-05-26,RET,AUG26,76890,+115,0.0,3.9000000000000004,0.0
2026-05-26,ALL,SEP26,77230,+115,0.4,165.7,0.1
2026-05-26,RET,SEP26,77230,+115,0.4,2.7,0.1
2026-05-26,ALL,OCT26,77620,+115,0.0,7.0,0.0
2026-05-26,RET,OCT26,77620,+115,0,0,0
2026-05-26,ALL,DEC26,78350,+135,0.1,70.9,0.1
2026-05-26,RET,DEC26,78350,+135,0.1,8.9,0.1
2026-05-26,OPT,MAY26,11.00,-,48.0,-68.0,-11.0
2026-05-26,OPT,JUN26,1.69,-,43.0,-192.0,-16.0
2026-05-26,OPT,JUL26,2.50,-,7.0,41.0,4.0
2026-05-26,OPT,AUG26,0.00,-,4.0,65.0,-4.0
2026-05-27,ALL,MAY26,74905,-990,12791.94,4493.46,-4619.3
2026-05-27,RET,MAY26,74905,-990,3179.9400000000005,1405.46,-218.3
2026-05-27,ALL,JUN26,75170,-1020,9524.6,17210.1,3048.7
2026-05-27,RET,JUN26,75170,-1020,936.6,763.1,188.70000000000002
2026-05-27,ALL,JUL26,75530,-1040,436.2,448.7,99.6
2026-05-27,RET,JUL26,75530,-1040,30.200000000000003,40.7,-2.4000000000000004
2026-05-27,ALL,AUG26,75835,-1055,8.0,15.5,0.6000000000000001
2026-05-27,RET,AUG26,75835,-1055,2.0,5.5,1.6
2026-05-27,ALL,SEP26,76175,-1055,2.5,166.2,0.5
2026-05-27,RET,SEP26,76175,-1055,0.5,3.2,0.5
2026-05-27,ALL,OCT26,76565,-1055,0.0,7.0,0.0
2026-05-27,RET,OCT26,76565,-1055,0,0,0
2026-05-27,ALL,DEC26,77315,-1035,0.0,70.9,0.0
2026-05-27,RET,DEC26,77315,-1035,0.0,8.9,0.0
2026-05-27,OPT,MAY26,0.67,-,5.0,-70.0,-2.0
2026-05-27,OPT,JUN26,22.00,-,23.0,-205.0,-13.0
2026-05-27,OPT,SEP26,0.00,-,6.0,-54.0,6.0
2026-05-27,OPT,DEC26,0.00,-,1.0,13.0,-1.0
2026-05-28,ALL,MAY26,73355,-1550,14587.66,2470.8199999999997,-2025.04
2026-05-28,RET,MAY26,73355,-1550,5195.660000000001,1062.82,-345.04
2026-05-28,ALL,JUN26,73620,-1550,11678.96,18916.460000000003,1706.36
2026-05-28,RET,JUN26,73620,-1550,1871.96,1180.46,417.36
2026-05-28,ALL,JUL26,73995,-1535,884.2,816.8,368.1
2026-05-28,RET,JUL26,73995,-1535,36.2,52.800000000000004,12.100000000000001
2026-05-28,ALL,AUG26,74290,-1545,31.2,34.6,19.1
2026-05-28,RET,AUG26,74290,-1545,0.2,5.6000000000000005,0.1
2026-05-28,ALL,SEP26,74605,-1570,4.4,168.5,2.3
2026-05-28,RET,SEP26,74605,-1570,0.4,3.5,0.30000000000000004
2026-05-28,ALL,OCT26,74990,-1575,0.0,7.0,0.0
2026-05-28,RET,OCT26,74990,-1575,0,0,0
2026-05-28,ALL,DEC26,75600,-1715,1.2000000000000002,70.9,0.0
2026-05-28,RET,DEC26,75600,-1715,1.2000000000000002,8.9,0.0
2026-05-28,OPT,MAY26,1.36,-,85.0,-54.0,16.0
2026-05-28,OPT,JUN26,0.88,-,30.0,-204.0,1.0
2026-05-28,OPT,JUL26,0.00,-,1.0,42.0,1.0
2026-05-28,OPT,AUG26,0.00,-,2.0,67.0,2.0
2026-05-29,ALL,MAY26,72767,-588,1392.6200000000001,2162.7,-308.12
2026-05-29,RET,MAY26,72767,-588,516.6200000000001,956.7,-106.12
2026-05-29,ALL,JUN26,73715,+95,12740.54,18972.7,57.24000000000001
2026-05-29,RET,JUN26,73715,+95,5241.540000000001,1596.7,416.24
2026-05-29,ALL,JUL26,74085,+90,703.2,1153.7,336.9
2026-05-29,RET,JUL26,74085,+90,48.2,63.7,10.9
2026-05-29,ALL,AUG26,74375,+85,17.9,43.1,8.5
2026-05-29,RET,AUG26,74375,+85,0.9,6.1000000000000005,0.5
2026-05-29,ALL,SEP26,74685,+80,4.1,168.6,0.1
2026-05-29,RET,SEP26,74685,+80,0.1,3.6,0.1
2026-05-29,ALL,OCT26,75070,+80,0.0,7.0,0.0
2026-05-29,RET,OCT26,75070,+80,0,0,0
2026-05-29,ALL,DEC26,75745,+145,0.0,70.9,0.0
2026-05-29,RET,DEC26,75745,+145,0.0,8.9,0.0
2026-05-29,OPT,MAY26,1.60,-,26.0,0.0,54.0
2026-05-29,OPT,JUN26,0.44,-,115.0,-222.0,-18.0
2026-05-29,OPT,JUL26,2.00,-,6.0,38.0,-4.0
2026-05-29,OPT,AUG26,0.00,-,2.0,65.0,-2.0
2026-05-29,OPT,SEP26,0.00,-,2.0,-52.0,2.0
2026-06-01,ALL,MAY26,72767,+0,0.0,0.5,-2180.8
2026-06-01,RET,MAY26,72767,+0,0.0,0.5,-958.8000000000001
2026-06-01,ALL,JUN26,71735,-1980,15756.52,19707.019999999997,734.32
2026-06-01,RET,JUN26,71735,-1980,6833.52,1848.0200000000002,251.32000000000002
2026-06-01,ALL,JUL26,72085,-2000,996.5,1543.8,390.1
2026-06-01,RET,JUL26,72085,-2000,122.5,94.80000000000001,31.1
2026-06-01,ALL,AUG26,72370,-2005,58.5,48.2,5.1
2026-06-01,RET,AUG26,72370,-2005,0.5,6.2,0.1
2026-06-01,ALL,SEP26,72665,-2020,28.0,173.3,4.7
2026-06-01,RET,SEP26,72665,-2020,6.0,4.3,0.7000000000000001
2026-06-01,ALL,OCT26,72990,-2080,2.2,6.2,-0.8
2026-06-01,RET,OCT26,72990,-2080,0.2,0.2,0.2
2026-06-01,ALL,DEC26,73730,-2015,10.1,70.9,0.0
2026-06-01,RET,DEC26,73730,-2015,0.1,8.9,0.0
2026-06-01,OPT,JUN26,1.38,-,126.0,-286.0,-64.0
2026-06-01,OPT,JUL26,3.00,-,4.0,37.0,-1.0
2026-06-01,OPT,SEP26,0.00,-,10.0,-62.0,-10.0
2026-06-01,OPT,DEC26,0.00,-,53.0,-40.0,-53.0
2026-06-02,ALL,MAY26,0,+0,0.0,0.0,-0.5
2026-06-02,RET,MAY26,0,+0,0.0,0.0,-0.5
2026-06-02,ALL,JUN26,67395,-4340,18666.379999999997,20029.86,432.04
2026-06-02,RET,JUN26,67395,-4340,8321.38,2200.86,379.04
2026-06-02,ALL,JUL26,67735,-4350,1198.7,1885.4,341.6
2026-06-02,RET,JUL26,67735,-4350,98.7,110.4,15.600000000000001
2026-06-02,ALL,AUG26,68005,-4365,31.9,54.9,6.7
2026-06-02,RET,AUG26,68005,-4365,0.9,6.9,0.7000000000000001
2026-06-02,ALL,SEP26,68280,-4385,17.1,184.1,10.8
2026-06-02,RET,SEP26,68280,-4385,3.1,7.1000000000000005,2.8000000000000003
2026-06-02,ALL,OCT26,68635,-4355,0.2,6.2,0.0
2026-06-02,RET,OCT26,68635,-4355,0.2,0.2,0.0
2026-06-02,ALL,DEC26,69280,-4450,0.0,70.9,0.0
2026-06-02,RET,DEC26,69280,-4450,0.0,8.9,0.0
2026-06-02,OPT,JUN26,6.61,-,175.0,-340.0,-54.0
2026-06-02,OPT,JUL26,3.73,-,52.0,7.0,-30.0
2026-06-02,OPT,AUG26,0.00,-,102.0,167.0,102.0
2026-06-02,OPT,SEP26,0.00,-,2.0,-60.0,2.0
2026-06-03,ALL,JUN26,65585,-1810,17960.18,19683.18,-312.38
2026-06-03,RET,JUN26,65585,-1810,8136.18,2330.18,149.62
2026-06-03,ALL,JUL26,65915,-1820,1096.8,2230.5,345.1
2026-06-03,RET,JUL26,65915,-1820,76.80000000000001,128.5,18.1
2026-06-03,ALL,AUG26,66180,-1825,24.9,53.8,-1.1
2026-06-03,RET,AUG26,66180,-1825,0.9,6.800000000000001,-0.1
2026-06-03,ALL,SEP26,66450,-1830,20.0,188.1,5.0
2026-06-03,RET,SEP26,66450,-1830,1.0,8.1,1.0
2026-06-03,ALL,OCT26,66775,-1860,2.0,5.2,-1.0
2026-06-03,RET,OCT26,66775,-1860,0.0,0.2,0.0
2026-06-03,ALL,DEC26,67410,-1870,2.7,72.8,1.9000000000000001
2026-06-03,RET,DEC26,67410,-1870,2.7,10.8,1.9000000000000001
2026-06-03,OPT,JUN26,46.50,-,95.0,-391.0,-51.0
2026-06-03,OPT,JUL26,0.62,-,13.0,11.0,4.0
2026-06-03,OPT,AUG26,0.00,-,2.0,165.0,-2.0
2026-06-03,OPT,SEP26,0.00,-,10.0,-61.0,-1.0
2026-06-03,OPT,OCT26,0.00,-,4.0,-2.0,4.0
2026-06-04,ALL,JUN26,63795,-1790,26076.5,19243.32,-338.06
2026-06-04,RET,JUN26,63795,-1790,12165.5,2356.32,25.94
2026-06-04,ALL,JUL26,64115,-1800,1594.7,2597.2,366.7
2026-06-04,RET,JUL26,64115,-1800,135.70000000000002,145.20000000000002,16.7
2026-06-04,ALL,AUG26,64365,-1815,50.6,64.0,10.2
2026-06-04,RET,AUG26,64365,-1815,12.600000000000001,7.0,0.2
2026-06-04,ALL,SEP26,64635,-1815,16.0,198.1,10.0
2026-06-04,RET,SEP26,64635,-1815,8.0,15.100000000000001,7.0
2026-06-04,ALL,OCT26,64960,-1815,0.0,5.2,0.0
2026-06-04,RET,OCT26,64960,-1815,0.0,0.2,0.0
2026-06-04,ALL,DEC26,65530,-1880,100.1,172.9,100.1
2026-06-04,RET,DEC26,65530,-1880,0.1,10.9,0.1
2026-06-04,ALL,MAR27,0,+0,0.30000000000000004,0.30000000000000004,0.30000000000000004
2026-06-04,RET,MAR27,0,+0,0.30000000000000004,0.30000000000000004,0.30000000000000004
2026-06-04,OPT,JUN26,5.54,-,170.0,-361.0,30.0
2026-06-04,OPT,JUL26,1.48,-,99.0,-7.0,-18.0
2026-06-04,OPT,SEP26,0.00,-,22.0,-39.0,22.0
2026-06-04,OPT,OCT26,0.00,-,8.0,4.0,6.0
2026-06-04,OPT,NOV26,0.00,-,1.0,1.0,1.0
2026-06-05,ALL,JUN26,60515,-3280,35997.26,18627.98,-551.34
2026-06-05,RET,JUN26,60515,-3280,19134.260000000002,2403.98,47.660000000000004
2026-06-05,ALL,JUL26,60820,-3295,1743.8,2859.9,262.7
2026-06-05,RET,JUL26,60820,-3295,131.8,161.9,16.7
2026-06-05,ALL,AUG26,61055,-3310,39.1,67.6,3.6
2026-06-05,RET,AUG26,61055,-3310,10.100000000000001,8.6,1.6
2026-06-05,ALL,SEP26,61315,-3320,36.1,220.0,21.9
2026-06-05,RET,SEP26,61315,-3320,5.1000000000000005,17.0,1.9000000000000001
2026-06-05,ALL,OCT26,61630,-3330,0.0,5.2,0.0
2026-06-05,RET,OCT26,61630,-3330,0.0,0.2,0.0
2026-06-05,ALL,DEC26,62130,-3400,0.8,173.7,0.8
2026-06-05,RET,DEC26,62130,-3400,0.8,11.700000000000001,0.8
2026-06-05,ALL,MAR27,0,+0,0.0,0.30000000000000004,0.0
2026-06-05,RET,MAR27,0,+0,0.0,0.30000000000000004,0.0
2026-06-05,OPT,JUN26,3.84,-,242.0,-412.0,-43.0
2026-06-05,OPT,JUL26,2.62,-,29.0,-16.0,-9.0
2026-06-05,OPT,SEP26,0.04,-,79.0,20.0,59.0
2026-06-05,OPT,OCT26,0.00,-,39.0,43.0,39.0
2026-06-05,OPT,NOV26,0.00,-,1.0,0.0,-1.0
2026-06-05,OPT,DEC26,0.00,-,1.0,-39.0,1.0
2026-06-08,ALL,JUN26,63475,+2960,20440.58,18041.84,-689.24
2026-06-08,RET,JUN26,63475,+2960,9814.58,2286.84,-120.24000000000001
2026-06-08,ALL,JUL26,63795,+2975,1705.7,3216.8,357.9
2026-06-08,RET,JUL26,63795,+2975,139.70000000000002,171.8,9.9
2026-06-08,ALL,AUG26,64035,+2980,108.5,119.4,51.8
2026-06-08,RET,AUG26,64035,+2980,1.5,8.4,-0.2
2026-06-08,ALL,SEP26,64295,+2980,7.7,222.8,2.8
2026-06-08,RET,SEP26,64295,+2980,4.7,18.8,1.8
2026-06-08,ALL,OCT26,64665,+3035,0.0,5.2,0.0
2026-06-08,RET,OCT26,64665,+3035,0.0,0.2,0.0
2026-06-08,ALL,DEC26,65265,+3135,0.2,173.8,0.1
2026-06-08,RET,DEC26,65265,+3135,0.2,11.8,0.1
2026-06-08,ALL,MAR27,0,+0,0.0,0.30000000000000004,0.0
2026-06-08,RET,MAR27,0,+0,0.0,0.30000000000000004,0.0
2026-06-08,OPT,JUN26,3.00,-,44.0,-445.0,-17.0
2026-06-08,OPT,JUL26,2.75,-,30.0,-27.0,-11.0
2026-06-08,OPT,SEP26,0.80,-,9.0,20.0,0.0
2026-06-08,OPT,OCT26,0.00,-,1.0,42.0,-1.0
2026-06-09,ALL,JUN26,62170,-1305,15410.6,18078.86,36.719999999999985
2026-06-09,RET,JUN26,62170,-1305,6382.6,2208.86,-78.28000000000002
2026-06-09,ALL,JUL26,62480,-1315,1410.6,3596.5,379.7
2026-06-09,RET,JUL26,62480,-1315,88.60000000000001,185.5,13.700000000000001
2026-06-09,ALL,AUG26,62720,-1315,25.3,127.3,7.9
2026-06-09,RET,AUG26,62720,-1315,2.3000000000000003,8.3,-0.1
2026-06-09,ALL,SEP26,62975,-1320,9.2,228.8,6.0
2026-06-09,RET,SEP26,62975,-1320,1.2000000000000002,19.8,1.0
2026-06-09,ALL,OCT26,63335,-1330,0.0,5.2,0.0
2026-06-09,RET,OCT26,63335,-1330,0.0,0.2,0.0
2026-06-09,ALL,DEC26,63890,-1375,0.30000000000000004,173.8,0.0
2026-06-09,RET,DEC26,63890,-1375,0.30000000000000004,11.8,0.0
2026-06-09,ALL,MAR27,0,+0,0.0,0.30000000000000004,0.0
2026-06-09,RET,MAR27,0,+0,0.0,0.30000000000000004,0.0
2026-06-09,OPT,JUN26,3.38,-,70.0,-454.0,-4.0
2026-06-09,OPT,JUL26,4.67,-,34.0,-49.0,-22.0
2026-06-09,OPT,OCT26,0.50,-,6.0,40.0,-2.0
2026-06-10,ALL,JUN26,62030,-140,13970.02,17526.7,-552.26
2026-06-10,RET,JUN26,62030,-140,6444.02,2184.7000000000003,-24.26
2026-06-10,ALL,JUL26,62345,-135,1471.0,4017.7,421.2
2026-06-10,RET,JUL26,62345,-135,73.0,180.70000000000002,-4.800000000000001
2026-06-10,ALL,AUG26,62580,-140,17.7,135.1,7.800000000000001
2026-06-10,RET,AUG26,62580,-140,6.7,12.100000000000001,3.8000000000000003
2026-06-10,ALL,SEP26,62835,-140,0.2,228.8,0.0
2026-06-10,RET,SEP26,62835,-140,0.2,19.8,0.0
2026-06-10,ALL,OCT26,63195,-140,0.0,5.2,0.0
2026-06-10,RET,OCT26,63195,-140,0.0,0.2,0.0
2026-06-10,ALL,DEC26,63740,-150,0.1,173.9,0.1
2026-06-10,RET,DEC26,63740,-150,0.1,11.9,0.1
2026-06-10,ALL,MAR27,0,+0,0.0,0.30000000000000004,0.0
2026-06-10,RET,MAR27,0,+0,0.0,0.30000000000000004,0.0
2026-06-10,OPT,JUN26,1.33,-,14.0,-449.0,5.0
2026-06-10,OPT,SEP26,0.00,-,3.0,23.0,3.0
2026-06-11,ALL,JUN26,63675,+1645,15129.380000000001,17337.16,-190.54
2026-06-11,RET,JUN26,63675,+1645,7033.38,2233.1600000000003,47.46000000000001
2026-06-11,ALL,JUL26,64000,+1655,1546.8,4609.2,591.5
2026-06-11,RET,JUL26,64000,+1655,56.800000000000004,183.20000000000002,2.5
2026-06-11,ALL,AUG26,64240,+1660,41.6,148.2,13.100000000000001
2026-06-11,RET,AUG26,64240,+1660,5.6000000000000005,17.2,5.1000000000000005
2026-06-11,ALL,SEP26,64490,+1655,6.2,230.2,1.4
2026-06-11,RET,SEP26,64490,+1655,1.2000000000000002,20.200000000000003,0.4
2026-06-11,ALL,OCT26,64850,+1655,0.0,5.2,0.0
2026-06-11,RET,OCT26,64850,+1655,0.0,0.2,0.0
2026-06-11,ALL,DEC26,65440,+1700,0.0,173.9,0.0
2026-06-11,RET,DEC26,65440,+1700,0.0,11.9,0.0
2026-06-11,ALL,MAR27,0,+0,0.0,0.30000000000000004,0.0
2026-06-11,RET,MAR27,0,+0,0.0,0.30000000000000004,0.0
2026-06-11,OPT,JUN26,0.00,-,26.0,-432.0,17.0
2026-06-11,OPT,JUL26,0.00,-,1.0,-49.0,0.0
2026-06-11,OPT,AUG26,0.00,-,1.0,165.0,0.0
2026-06-11,OPT,OCT26,0.00,-,16.0,24.0,-16.0
2026-06-12,ALL,JUN26,63660,-15,13535.720000000001,18127.66,790.5999999999999
2026-06-12,RET,JUN26,63660,-15,5466.72,2494.6600000000003,261.59999999999997
2026-06-12,ALL,JUL26,63985,-15,1285.8,5044.6,435.4
2026-06-12,RET,JUL26,63985,-15,75.8,178.60000000000002,-4.6000000000000005
2026-06-12,ALL,AUG26,64220,-20,22.9,148.4,0.2
2026-06-12,RET,AUG26,64220,-20,0.9,17.400000000000002,0.2
2026-06-12,ALL,SEP26,64475,-15,9.6,232.4,2.2
2026-06-12,RET,SEP26,64475,-15,0.6000000000000001,20.400000000000002,0.2
2026-06-12,ALL,OCT26,64835,-15,0.0,5.2,0.0
2026-06-12,RET,OCT26,64835,-15,0.0,0.2,0.0
2026-06-12,ALL,DEC26,162,+0,0.0,0.0,0.0
2026-06-12,RET,DEC26,162,+0,0.0,0.0,0.0
2026-06-12,ALL,MAR27,0,+0,0.0,0.0,0.0
2026-06-12,RET,MAR27,0,+0,0.0,0.0,0.0
2026-06-12,OPT,JUN26,6.17,-,43.0,-452.0,-20.0
2026-06-12,OPT,JUL26,0.00,-,2.0,-50.0,-1.0
2026-06-12,OPT,SEP26,3.50,-,9.0,18.0,-5.0
2026-06-12,OPT,OCT26,0.00,-,4.0,28.0,4.0
2026-06-15,ALL,JUN26,66575,+2915,13729.220000000001,17553.72,-559.52
2026-06-15,RET,JUN26,66575,+2915,6047.22,2531.72,37.48
2026-06-15,ALL,JUL26,66910,+2925,2407.6,5924.1,804.5
2026-06-15,RET,JUL26,66910,+2925,126.60000000000001,182.10000000000002,3.5
2026-06-15,ALL,AUG26,67170,+2950,18.7,153.1,4.7
2026-06-15,RET,AUG26,67170,+2950,2.7,18.1,0.7000000000000001
2026-06-15,ALL,SEP26,67435,+2960,7.7,231.8,-0.6
2026-06-15,RET,SEP26,67435,+2960,1.7000000000000002,20.8,0.4
2026-06-15,ALL,OCT26,67795,+2960,1.7000000000000002,6.7,1.5
2026-06-15,RET,OCT26,67795,+2960,1.7000000000000002,1.7000000000000002,1.5
2026-06-15,ALL,DEC26,68435,+2990,0.0,173.9,0.0
2026-06-15,RET,DEC26,68435,+2990,0.0,11.9,0.0
2026-06-15,ALL,MAR27,0,+0,0.0,0.30000000000000004,0.0
2026-06-15,RET,MAR27,0,+0,0.0,0.30000000000000004,0.0
2026-06-15,OPT,JUN26,1.19,-,136.0,-404.0,36.0
2026-06-15,OPT,JUL26,0.17,-,28.0,-32.0,18.0
2026-06-15,OPT,AUG26,0.00,-,5.0,169.0,4.0
2026-06-15,OPT,SEP26,0.00,-,9.0,16.0,-2.0
2026-06-15,OPT,NOV26,0.00,-,4.0,0.0,0.0
2026-06-16,ALL,JUN26,65700,-875,8594.279999999999,16826.0,-660.6
2026-06-16,RET,JUN26,65700,-875,3338.28,2403.0000000000005,-128.60000000000002
2026-06-16,ALL,JUL26,66030,-880,1572.6,6390.0,540.9
2026-06-16,RET,JUL26,66030,-880,82.60000000000001,200.0,17.900000000000002
2026-06-16,ALL,AUG26,66285,-885,27.6,163.7,10.600000000000001
2026-06-16,RET,AUG26,66285,-885,12.600000000000001,28.700000000000003,10.600000000000001
2026-06-16,ALL,SEP26,66545,-890,2.7,233.4,1.6
2026-06-16,RET,SEP26,66545,-890,1.7000000000000002,22.400000000000002,1.6
2026-06-16,ALL,OCT26,66905,-890,0.2,6.6,-0.1
2026-06-16,RET,OCT26,66905,-890,0.2,1.6,-0.1
2026-06-16,ALL,DEC26,67490,-945,0.0,173.9,0.0
2026-06-16,RET,DEC26,67490,-945,0.0,11.9,0.0
2026-06-16,ALL,MAR27,0,+0,0.0,0.30000000000000004,0.0
2026-06-16,RET,MAR27,0,+0,0.0,0.30000000000000004,0.0
2026-06-16,OPT,JUN26,0.09,-,98.0,-343.0,61.0
2026-06-16,OPT,JUL26,0.00,-,4.0,-35.0,-3.0
2026-06-16,OPT,SEP26,0.00,-,1.0,17.0,1.0
2026-06-16,OPT,DEC26,0.00,-,20.0,-59.0,-20.0
2026-06-17,ALL,JUN26,64270,-1430,13729.800000000001,15562.6,-1262.4
2026-06-17,RET,JUN26,64270,-1430,4946.800000000001,2268.6000000000004,-134.4
2026-06-17,ALL,JUL26,64585,-1445,2232.9,7052.1,662.1
2026-06-17,RET,JUL26,64585,-1445,160.9,207.10000000000002,7.1000000000000005
2026-06-17,ALL,AUG26,64840,-1445,24.7,169.5,5.8
2026-06-17,RET,AUG26,64840,-1445,5.7,27.5,-1.2000000000000002
2026-06-17,ALL,SEP26,65105,-1440,10.4,235.7,2.3
2026-06-17,RET,SEP26,65105,-1440,1.4000000000000001,22.700000000000003,0.30000000000000004
2026-06-17,ALL,OCT26,65465,-1440,0.1,6.6,0.0
2026-06-17,RET,OCT26,65465,-1440,0.1,1.6,0.0
2026-06-17,ALL,DEC26,66090,-1400,0.30000000000000004,174.2,0.30000000000000004
2026-06-17,RET,DEC26,66090,-1400,0.30000000000000004,12.200000000000001,0.30000000000000004
2026-06-17,ALL,MAR27,0,+0,0.2,0.5,0.2
2026-06-17,RET,MAR27,0,+0,0.2,0.5,0.2
2026-06-17,OPT,JUN26,144.00,-,145.0,-422.0,-77.0
2026-06-17,OPT,JUL26,5.00,-,12.0,-35.0,0.0
2026-06-17,OPT,AUG26,0.00,-,3.0,168.0,-1.0
2026-06-18,ALL,JUN26,62945,-1325,17040.440000000002,14200.32,-1365.58
2026-06-18,RET,JUN26,62945,-1325,5297.44,2301.32,29.42
2026-06-18,ALL,JUL26,63240,-1345,5702.2,8454.9,1402.8
2026-06-18,RET,JUL26,63240,-1345,307.20000000000005,242.9,35.800000000000004
2026-06-18,ALL,AUG26,63495,-1345,88.1,207.9,38.4
2026-06-18,RET,AUG26,63495,-1345,2.1,27.900000000000002,0.4
2026-06-18,ALL,SEP26,63745,-1360,21.3,248.4,12.7
2026-06-18,RET,SEP26,63745,-1360,3.3000000000000003,22.400000000000002,-0.30000000000000004
2026-06-18,ALL,OCT26,64115,-1350,0.1,6.7,0.1
2026-06-18,RET,OCT26,64115,-1350,0.1,1.7000000000000002,0.1
2026-06-18,ALL,DEC26,64680,-1410,0.0,174.2,0.0
2026-06-18,RET,DEC26,64680,-1410,0.0,12.200000000000001,0.0
2026-06-18,ALL,MAR27,0,+0,0.0,0.5,0.0
2026-06-18,RET,MAR27,0,+0,0.0,0.5,0.0
2026-06-18,OPT,JUN26,5.05,-,115.0,-454.0,-46.0
2026-06-18,OPT,JUL26,0.00,-,18.0,-51.0,-16.0
2026-06-18,OPT,AUG26,0.00,-,6.0,165.0,-3.0
2026-06-18,OPT,SEP26,0.40,-,7.0,16.0,-1.0
2026-06-18,OPT,OCT26,0.00,-,8.0,34.0,6.0
2026-06-22,ALL,JUN26,64450,+1505,22616.46,11478.94,-2621.38
2026-06-22,RET,JUN26,64450,+1505,8258.460000000001,2048.94,-252.38000000000002
2026-06-22,ALL,JUL26,64750,+1510,6996.32,11946.199999999999,2195.92
2026-06-22,RET,JUL26,64750,+1510,638.32,1667.2,128.92000000000002
2026-06-22,ALL,AUG26,65005,+1510,79.9,256.7,48.8
2026-06-22,RET,AUG26,65005,+1510,4.9,28.700000000000003,0.8
2026-06-22,ALL,SEP26,65260,+1515,16.9,249.4,1.0
2026-06-22,RET,SEP26,65260,+1515,0.9,22.400000000000002,0.0
2026-06-22,ALL,OCT26,65580,+1465,0.0,6.7,0.0
2026-06-22,RET,OCT26,65580,+1465,0.0,1.7000000000000002,0.0
2026-06-22,ALL,DEC26,66210,+1530,0.0,174.2,0.0
2026-06-22,RET,DEC26,66210,+1530,0.0,12.200000000000001,0.0
2026-06-22,ALL,MAR27,0,+0,0.0,0.5,0.0
2026-06-22,RET,MAR27,0,+0,0.0,0.5,0.0
2026-06-22,OPT,JUN26,6.00,-,203.0,-551.0,-97.0
2026-06-22,OPT,JUL26,2.73,-,56.0,-71.0,-20.0
2026-06-22,OPT,DEC26,0.00,-,2.0,-57.0,2.0
2026-06-23,ALL,JUN26,62365,-2085,15427.54,9204.54,-2158.5
2026-06-23,RET,JUN26,62365,-2085,3911.54,1801.5400000000002,-247.5
2026-06-23,ALL,JUL26,62610,-2140,7734.64,14366.599999999999,2431.84
2026-06-23,RET,JUL26,62610,-2140,708.64,1807.6,138.84
2026-06-23,ALL,AUG26,62840,-2165,229.2,260.0,3.3
2026-06-23,RET,AUG26,62840,-2165,12.200000000000001,29.0,0.30000000000000004
2026-06-23,ALL,SEP26,63060,-2200,143.6,317.0,67.6
2026-06-23,RET,SEP26,63060,-2200,0.6000000000000001,23.0,0.6000000000000001
2026-06-23,ALL,OCT26,63355,-2225,0.0,6.7,0.0
2026-06-23,RET,OCT26,63355,-2225,0.0,1.7000000000000002,0.0
2026-06-23,ALL,DEC26,64060,-2150,0.1,174.3,0.1
2026-06-23,RET,DEC26,64060,-2150,0.1,12.3,0.1
2026-06-23,ALL,MAR27,0,+0,0.0,0.5,0.0
2026-06-23,RET,MAR27,0,+0,0.0,0.5,0.0
2026-06-23,OPT,JUN26,2.90,-,78.0,-553.0,-22.0
2026-06-23,OPT,JUL26,0.00,-,50.0,-90.0,-19.0
2026-06-23,OPT,SEP26,1.00,-,14.0,16.0,0.0
2026-06-24,ALL,JUN26,59835,-2530,19145.7,7310.68,-1793.86
2026-06-24,RET,JUN26,59835,-2530,5366.7,1610.68,-190.86
2026-06-24,ALL,JUL26,60090,-2520,13150.52,17975.3,3624.8
2026-06-24,RET,JUL26,60090,-2520,1495.52,2192.3,400.80000000000007
2026-06-24,ALL,AUG26,60300,-2540,645.3,418.2,158.2
2026-06-24,RET,AUG26,60300,-2540,38.300000000000004,46.2,17.2
2026-06-24,ALL,SEP26,60520,-2540,42.0,332.9,15.9
2026-06-24,RET,SEP26,60520,-2540,3.0,24.900000000000002,1.9000000000000001
2026-06-24,ALL,OCT26,60790,-2565,6.5,8.7,2.0
2026-06-24,RET,OCT26,60790,-2565,0.5,1.7000000000000002,0.0
2026-06-24,ALL,DEC26,61460,-2600,0.30000000000000004,174.6,0.30000000000000004
2026-06-24,RET,DEC26,61460,-2600,0.30000000000000004,12.600000000000001,0.30000000000000004
2026-06-24,ALL,MAR27,0,+0,0.0,0.5,0.0
2026-06-24,RET,MAR27,0,+0,0.0,0.5,0.0
2026-06-24,OPT,JUN26,16.50,-,140.0,-573.0,-35.0
2026-06-24,OPT,JUL26,53.00,-,54.0,-119.0,-29.0
2026-06-24,OPT,AUG26,0.50,-,3.0,168.0,3.0
2026-06-24,OPT,SEP26,0.00,-,2.0,18.0,2.0
2026-06-24,OPT,DEC26,0.00,-,17.0,-40.0,17.0
2026-06-25,ALL,JUN26,59190,-645,15265.76,5774.88,-1413.7
2026-06-25,RET,JUN26,59190,-645,5212.76,1543.88,-49.7
2026-06-25,ALL,JUL26,59435,-655,12987.52,18889.2,907.3199999999999
2026-06-25,RET,JUL26,59435,-655,2817.52,2556.2,357.32000000000005
2026-06-25,ALL,AUG26,59650,-650,1381.2,701.2,283.0
2026-06-25,RET,AUG26,59650,-650,28.200000000000003,55.2,9.0
2026-06-25,ALL,SEP26,59870,-650,48.7,342.6,9.7
2026-06-25,RET,SEP26,59870,-650,1.7000000000000002,24.6,-0.30000000000000004
2026-06-25,ALL,OCT26,60105,-685,11.2,18.7,10.0
2026-06-25,RET,OCT26,60105,-685,0.2,1.7000000000000002,0.0
2026-06-25,ALL,DEC26,60755,-705,0.7000000000000001,174.6,0.0
2026-06-25,RET,DEC26,60755,-705,0.7000000000000001,12.600000000000001,0.0
2026-06-25,ALL,MAR27,0,+0,0.0,0.5,0.0
2026-06-25,RET,MAR27,0,+0,0.0,0.5,0.0
2026-06-25,OPT,JUN26,4.41,-,157.0,-525.0,8.0
2026-06-25,OPT,JUL26,1.43,-,34.0,-120.0,-1.0
2026-06-25,OPT,SEP26,0.00,-,3.0,19.0,1.0
2026-06-25,OPT,DEC26,0.00,-,2.0,-38.0,2.0
2026-06-26,ALL,JUN26,59763,+573,2095.52,4415.200000000001,-470.68
2026-06-26,RET,JUN26,59763,+573,615.5200000000001,1471.2000000000003,-72.68
2026-06-26,ALL,JUL26,59995,+560,16943.46,19074.8,259.82000000000005
2026-06-26,RET,JUL26,59995,+560,6999.460000000001,3102.8,545.82
2026-06-26,ALL,AUG26,60240,+590,1105.9,1019.1,317.9
2026-06-26,RET,AUG26,60240,+590,41.900000000000006,59.1,3.9000000000000004
2026-06-26,ALL,SEP26,60445,+575,29.3,350.1,7.5
2026-06-26,RET,SEP26,60445,+575,5.300000000000001,29.1,4.5
2026-06-26,ALL,OCT26,60675,+570,8.5,25.2,6.5
2026-06-26,RET,OCT26,60675,+570,1.5,2.2,0.5
2026-06-26,ALL,DEC26,61325,+570,5.6000000000000005,174.3,-0.30000000000000004
2026-06-26,RET,DEC26,61325,+570,5.6000000000000005,12.3,-0.30000000000000004
2026-06-26,ALL,MAR27,0,+0,0.0,0.5,0.0
2026-06-26,RET,MAR27,0,+0,0.0,0.5,0.0
2026-06-26,OPT,JUN26,0.48,-,108.0,0.0,450.0
2026-06-26,OPT,JUL26,5.64,-,73.0,-162.0,-42.0
2026-06-26,OPT,AUG26,13.00,-,28.0,145.0,-23.0
2026-06-26,OPT,SEP26,0.00,-,7.0,13.0,-6.0
2026-06-29,ALL,JUN26,59763,+0,0.0,0.0,-4375.3
2026-06-29,RET,JUN26,59763,+0,0.0,0.0,-1474.3000000000002
2026-06-29,ALL,JUL26,60555,+560,19016.940000000002,19880.3,798.06
2026-06-29,RET,JUL26,60555,+560,8715.94,3645.3,535.06
2026-06-29,ALL,AUG26,60810,+570,968.9,1325.9,306.8
2026-06-29,RET,AUG26,60810,+570,48.900000000000006,62.900000000000006,3.8000000000000003
2026-06-29,ALL,SEP26,61045,+600,35.6,353.7,3.6
2026-06-29,RET,SEP26,61045,+600,14.600000000000001,30.700000000000003,1.6
2026-06-29,ALL,OCT26,61320,+645,5.0,27.2,2.0
2026-06-29,RET,OCT26,61320,+645,2.0,4.2,2.0
2026-06-29,ALL,DEC26,61915,+590,0.2,174.5,0.2
2026-06-29,RET,DEC26,61915,+590,0.2,12.5,0.2
2026-06-29,ALL,MAR27,0,+0,0.0,0.5,0.0
2026-06-29,RET,MAR27,0,+0,0.0,0.5,0.0
2026-06-29,OPT,JUL26,4.00,-,75.0,-190.0,-28.0
2026-06-29,OPT,AUG26,0.00,-,1.0,145.0,0.0
2026-06-29,OPT,SEP26,0.00,-,1.0,14.0,1.0
2026-06-29,OPT,DEC26,1.00,-,2.0,-40.0,-2.0
2026-06-30,ALL,JUL26,58900,-1655,12309.0,20268.5,384.54
2026-06-30,RET,JUL26,58900,-1655,4954.0,3891.5,242.54000000000002
2026-06-30,ALL,AUG26,59135,-1675,1158.4,1604.7,278.8
2026-06-30,RET,AUG26,59135,-1675,37.4,77.7,14.8
2026-06-30,ALL,SEP26,59365,-1680,15.600000000000001,352.9,-0.8
2026-06-30,RET,SEP26,59365,-1680,5.6000000000000005,30.900000000000002,0.2
2026-06-30,ALL,OCT26,59640,-1680,0.4,27.2,0.0
2026-06-30,RET,OCT26,59640,-1680,0.4,4.2,0.0
2026-06-30,ALL,DEC26,60200,-1715,2.0,174.5,0.0
2026-06-30,RET,DEC26,60200,-1715,0.0,12.5,0.0
2026-06-30,ALL,MAR27,0,+0,0.0,0.5,0.0
2026-06-30,RET,MAR27,0,+0,0.0,0.5,0.0
2026-06-30,OPT,JUL26,0.68,-,47.0,-175.0,15.0
2026-06-30,OPT,AUG26,0.50,-,6.0,147.0,2.0
2026-06-30,OPT,DEC26,1.00,-,6.0,-42.0,-2.0
2026-07-01,ALL,JUL26,60180,+1280,14669.66,20369.5,172.9
2026-07-01,RET,JUL26,60180,+1280,5309.66,3831.5,-63.1
2026-07-01,ALL,AUG26,60420,+1285,824.5,1866.2,261.5
2026-07-01,RET,AUG26,60420,+1285,46.5,79.2,1.5
2026-07-01,ALL,SEP26,60630,+1265,75.8,363.2,10.3
2026-07-01,RET,SEP26,60630,+1265,4.800000000000001,32.2,1.3
2026-07-01,ALL,OCT26,60905,+1265,0.30000000000000004,27.3,0.1
2026-07-01,RET,OCT26,60905,+1265,0.30000000000000004,4.3,0.1
2026-07-01,ALL,DEC26,61450,+1250,0.1,174.5,0.0
2026-07-01,RET,DEC26,61450,+1250,0.1,12.5,0.0
2026-07-01,ALL,MAR27,0,+0,0.0,0.5,0.0
2026-07-01,RET,MAR27,0,+0,0.0,0.5,0.0
2026-07-01,OPT,JUL26,9.25,-,41.0,-175.0,0.0
2026-07-01,OPT,AUG26,0.00,-,3.0,144.0,-3.0
2026-07-01,OPT,SEP26,0.00,-,3.0,15.0,1.0
2026-07-01,OPT,OCT26,0.00,-,5.0,29.0,-5.0
2026-07-01,OPT,DEC26,0.00,-,1.0,-43.0,-1.0
2026-07-02,ALL,JUL26,61655,+1475,13837.64,20408.84,38.839999999999996
2026-07-02,RET,JUL26,61655,+1475,5847.64,3795.84,-36.160000000000004
2026-07-02,ALL,AUG26,61905,+1485,1296.8,2094.2,228.0
2026-07-02,RET,AUG26,61905,+1485,42.800000000000004,84.2,5.0
2026-07-02,ALL,SEP26,62140,+1510,36.2,363.3,0.1
2026-07-02,RET,SEP26,62140,+1510,8.200000000000001,32.300000000000004,0.1
2026-07-02,ALL,OCT26,62415,+1510,0.2,27.2,-0.1
2026-07-02,RET,OCT26,62415,+1510,0.2,4.2,-0.1
2026-07-02,ALL,DEC26,62955,+1505,0.0,174.5,0.0
2026-07-02,RET,DEC26,62955,+1505,0.0,12.5,0.0
2026-07-02,ALL,MAR27,0,+0,0.0,0.5,0.0
2026-07-02,RET,MAR27,0,+0,0.0,0.5,0.0
2026-07-02,OPT,JUL26,1.36,-,33.0,-174.0,1.0
2026-07-02,OPT,AUG26,0.00,-,2.0,144.0,0.0
2026-07-02,OPT,SEP26,0.00,-,2.0,13.0,-2.0
2026-07-02,OPT,OCT26,0.00,-,4.0,29.0,0.0
2026-07-02,OPT,DEC26,0.00,-,5.0,-48.0,-5.0
2026-07-06,ALL,JUL26,63885,+2230,23777.4,19825.08,-584.5799999999999
2026-07-06,RET,JUL26,63885,+2230,10294.400000000001,3869.08,72.42
2026-07-06,ALL,AUG26,64135,+2230,1062.6,2462.4,368.2
2026-07-06,RET,AUG26,64135,+2230,93.60000000000001,103.4,19.200000000000003
2026-07-06,ALL,SEP26,64370,+2230,27.6,360.6,-2.7
2026-07-06,RET,SEP26,64370,+2230,4.6000000000000005,32.6,0.30000000000000004
2026-07-06,ALL,OCT26,64655,+2240,0.0,27.2,0.0
2026-07-06,RET,OCT26,64655,+2240,0.0,4.2,0.0
2026-07-06,ALL,DEC26,65200,+2245,0.0,174.5,0.0
2026-07-06,RET,DEC26,65200,+2245,0.0,12.5,0.0
2026-07-06,ALL,MAR27,0,+0,0.0,0.5,0.0
2026-07-06,RET,MAR27,0,+0,0.0,0.5,0.0
2026-07-06,OPT,JUL26,0.31,-,80.0,-152.0,22.0
2026-07-06,OPT,AUG26,0.30,-,26.0,158.0,14.0
2026-07-06,OPT,SEP26,2.00,-,6.0,13.0,0.0
2026-07-06,OPT,OCT26,2.00,-,3.0,27.0,-2.0
2026-07-06,OPT,DEC26,3.50,-,9.0,-53.0,-5.0
2026-07-07,ALL,JUL26,63980,+95,11841.82,19401.399999999998,-424.36
2026-07-07,RET,JUL26,63980,+95,4789.820000000001,3624.4,-249.36
2026-07-07,ALL,AUG26,64235,+100,709.3,2746.8,284.4
2026-07-07,RET,AUG26,64235,+100,38.300000000000004,104.80000000000001,1.4000000000000001
2026-07-07,ALL,SEP26,64490,+120,9.8,360.6,0.0
2026-07-07,RET,SEP26,64490,+120,2.8000000000000003,32.6,0.0
2026-07-07,ALL,OCT26,64775,+120,0.4,27.2,0.0
2026-07-07,RET,OCT26,64775,+120,0.4,4.2,0.0
2026-07-07,ALL,DEC26,65375,+175,0.1,174.4,-0.1
2026-07-07,RET,DEC26,65375,+175,0.1,12.4,-0.1
2026-07-07,ALL,MAR27,0,+0,0.0,0.5,0.0
2026-07-07,RET,MAR27,0,+0,0.0,0.5,0.0
2026-07-07,OPT,JUL26,6.50,-,15.0,-158.0,-6.0
2026-07-07,OPT,SEP26,0.00,-,12.0,25.0,12.0
2026-07-08,ALL,JUL26,62430,-1550,12559.900000000001,17575.88,-412.72
2026-07-08,RET,JUL26,62430,-1550,5091.900000000001,2194.88,-116.72
2026-07-08,ALL,AUG26,62685,-1550,774.9,2977.6,230.8
2026-07-08,RET,AUG26,62685,-1550,29.900000000000002,106.60000000000001,1.8
2026-07-08,ALL,SEP26,62930,-1560,14.0,359.7,-0.8999999999999999
2026-07-08,RET,SEP26,62930,-1560,4.0,33.7,1.1
2026-07-08,ALL,OCT26,63210,-1565,1.1,28.3,1.1
2026-07-08,RET,OCT26,63210,-1565,1.1,5.300000000000001,1.1
2026-07-08,ALL,DEC26,63810,-1565,0.0,174.4,0.0
2026-07-08,RET,DEC26,63810,-1565,0.0,12.4,0.0
2026-07-08,ALL,MAR27,0,+0,0.0,0.5,0.0
2026-07-08,RET,MAR27,0,+0,0.0,0.5,0.0
2026-07-08,OPT,JUL26,0.92,-,25.0,-171.0,-13.0
2026-07-08,OPT,AUG26,0.00,-,1.0,157.0,-1.0
2026-07-08,OPT,OCT26,0.00,-,10.0,18.0,-9.0
2026-07-09,ALL,JUL26,63385,+955,10718.76,17556.9,-18.980000000000004
2026-07-09,RET,JUL26,63385,+955,4282.76,2165.9,-28.98
2026-07-09,ALL,AUG26,63640,+955,986.7,3357.6,380.0
2026-07-09,RET,AUG26,63640,+955,29.700000000000003,110.60000000000001,4.0
2026-07-09,ALL,SEP26,63880,+950,46.8,384.1,24.4
2026-07-09,RET,SEP26,63880,+950,0.8,34.1,0.4
2026-07-09,ALL,OCT26,64160,+950,0.4,28.3,0.0
2026-07-09,RET,OCT26,64160,+950,0.4,5.300000000000001,0.0
2026-07-09,ALL,DEC26,64705,+895,0.0,174.4,0.0
2026-07-09,RET,DEC26,64705,+895,0.0,12.4,0.0
2026-07-09,ALL,MAR27,0,+0,0.0,0.5,0.0
2026-07-09,RET,MAR27,0,+0,0.0,0.5,0.0
2026-07-09,OPT,JUL26,0.09,-,12.0,-164.0,7.0
2026-07-09,OPT,AUG26,2.00,-,3.0,156.0,-1.0
2026-07-09,OPT,DEC26,0.00,-,2.0,-52.0,1.0
2026-07-10,ALL,JUL26,64085,+700,12255.8,17466.64,-90.3
2026-07-10,RET,JUL26,64085,+700,5024.8,2280.64,114.7
2026-07-10,ALL,AUG26,64345,+705,1369.4,3868.4,510.8
2026-07-10,RET,AUG26,64345,+705,45.400000000000006,108.4,-2.2
2026-07-10,ALL,SEP26,64575,+695,18.4,391.0,6.9
2026-07-10,RET,SEP26,64575,+695,5.4,37.0,2.9000000000000004
2026-07-10,ALL,OCT26,64855,+695,0.1,28.3,0.0
2026-07-10,RET,OCT26,64855,+695,0.1,5.300000000000001,0.0
2026-07-10,ALL,DEC26,65400,+695,0.0,174.4,0.0
2026-07-10,RET,DEC26,65400,+695,0.0,12.4,0.0
2026-07-10,ALL,MAR27,0,+0,0.0,0.5,0.0
2026-07-10,RET,MAR27,0,+0,0.0,0.5,0.0
2026-07-10,OPT,JUL26,0.06,-,57.0,-111.0,53.0
2026-07-10,OPT,AUG26,0.50,-,6.0,157.0,1.0
2026-07-10,OPT,SEP26,0.00,-,1.0,24.0,-1.0
2026-07-13,ALL,JUL26,62350,-1735,15155.36,17356.52,-98.52000000000001
2026-07-13,RET,JUL26,62350,-1735,5449.360000000001,2444.5200000000004,171.48000000000002
2026-07-13,ALL,AUG26,62595,-1750,1616.9,4035.5,167.1
2026-07-13,RET,AUG26,62595,-1750,66.9,98.5,-9.9
2026-07-13,ALL,SEP26,62840,-1735,22.8,400.6,9.600000000000001
2026-07-13,RET,SEP26,62840,-1735,12.8,48.6,11.600000000000001
2026-07-13,ALL,OCT26,63125,-1730,1.2,28.3,0.0
2026-07-13,RET,OCT26,63125,-1730,0.2,5.300000000000001,0.0
2026-07-13,ALL,DEC26,63655,-1745,0.0,174.4,0.0
2026-07-13,RET,DEC26,63655,-1745,0.0,12.4,0.0
2026-07-13,ALL,MAR27,0,+0,0.0,0.5,0.0
2026-07-13,RET,MAR27,0,+0,0.0,0.5,0.0
2026-07-13,OPT,JUL26,0.80,-,9.0,-103.0,8.0
2026-07-13,OPT,AUG26,0.00,-,4.0,157.0,0.0
2026-07-13,OPT,DEC26,0.00,-,16.0,-68.0,-16.0
2026-07-14,ALL,JUL26,64715,+2365,15548.08,17309.94,28.76000000000002
2026-07-14,RET,JUL26,64715,+2365,5350.08,2716.94,272.76
2026-07-14,ALL,AUG26,64970,+2375,1565.0,4374.0,413.5
2026-07-14,RET,AUG26,64970,+2375,88.0,119.0,20.5
2026-07-14,ALL,SEP26,65200,+2360,28.4,406.3,5.7
2026-07-14,RET,SEP26,65200,+2360,3.4000000000000004,49.300000000000004,0.7000000000000001
2026-07-14,ALL,OCT26,65495,+2370,0.6000000000000001,28.7,0.4
2026-07-14,RET,OCT26,65495,+2370,0.6000000000000001,5.7,0.4
2026-07-14,ALL,DEC26,66075,+2420,0.0,174.4,0.0
2026-07-14,RET,DEC26,66075,+2420,0.0,12.4,0.0
2026-07-14,ALL,MAR27,0,+0,0.0,0.5,0.0
2026-07-14,RET,MAR27,0,+0,0.0,0.5,0.0
2026-07-14,OPT,JUL26,0.52,-,41.0,-120.0,-17.0
2026-07-14,OPT,AUG26,2.00,-,9.0,154.0,-3.0
2026-07-14,OPT,DEC26,0.00,-,2.0,-70.0,-2.0
2026-07-15,ALL,JUL26,65085,+370,11344.68,16770.36,-534.66
2026-07-15,RET,JUL26,65085,+370,4708.679999999999,2535.36,-181.66000000000003
2026-07-15,ALL,AUG26,65340,+370,1159.9,4783.8,409.8
2026-07-15,RET,AUG26,65340,+370,60.900000000000006,134.8,15.8
2026-07-15,ALL,SEP26,65585,+385,10.2,409.1,2.8
2026-07-15,RET,SEP26,65585,+385,4.2,51.1,1.8
2026-07-15,ALL,OCT26,65880,+385,0.30000000000000004,28.8,0.1
2026-07-15,RET,OCT26,65880,+385,0.30000000000000004,5.800000000000001,0.1
2026-07-15,ALL,DEC26,66405,+330,0.0,174.4,0.0
2026-07-15,RET,DEC26,66405,+330,0.0,12.4,0.0
2026-07-15,ALL,MAR27,0,+0,0.0,0.5,0.0
2026-07-15,RET,MAR27,0,+0,0.0,0.5,0.0
2026-07-15,OPT,JUL26,0.69,-,49.0,-131.0,-11.0
2026-07-15,OPT,AUG26,2.90,-,39.0,135.0,-19.0
2026-07-16,ALL,JUL26,64385,-700,8411.54,16466.84,-229.44
2026-07-16,RET,JUL26,64385,-700,3638.54,2612.84,77.56
2026-07-16,ALL,AUG26,64635,-705,691.5,5086.9,178.1
2026-07-16,RET,AUG26,64635,-705,37.5,138.9,4.1000000000000005
2026-07-16,ALL,SEP26,64885,-700,3.5,408.4,-0.7000000000000001
2026-07-16,RET,SEP26,64885,-700,3.5,50.400000000000006,-0.7000000000000001
2026-07-16,ALL,OCT26,65180,-700,0.0,28.8,0.0
2026-07-16,RET,OCT26,65180,-700,0.0,5.800000000000001,0.0
2026-07-16,ALL,DEC26,65705,-700,0.0,174.4,0.0
2026-07-16,RET,DEC26,65705,-700,0.0,12.4,0.0
2026-07-16,ALL,MAR27,0,+0,0.0,0.5,0.0
2026-07-16,RET,MAR27,0,+0,0.0,0.5,0.0
2026-07-16,OPT,JUL26,0.00,-,3.0,-130.0,1.0
2026-07-16,OPT,AUG26,0.00,-,1.0,136.0,1.0
2026-07-16,OPT,SEP26,0.00,-,2.0,22.0,-2.0
2026-07-17,ALL,JUL26,64270,-115,11779.46,16367.900000000001,-48.94
2026-07-17,RET,JUL26,64270,-115,4362.46,2821.9,209.06
2026-07-17,ALL,AUG26,64520,-115,967.9,5476.4,439.5
2026-07-17,RET,AUG26,64520,-115,70.9,144.4,5.5
2026-07-17,ALL,SEP26,64765,-120,2.3000000000000003,409.3,0.9
2026-07-17,RET,SEP26,64765,-120,2.3000000000000003,51.300000000000004,0.9
2026-07-17,ALL,OCT26,65060,-120,0.6000000000000001,28.6,-0.2
2026-07-17,RET,OCT26,65060,-120,0.6000000000000001,5.6000000000000005,-0.2
2026-07-17,ALL,DEC26,65585,-120,0.2,174.3,-0.1
2026-07-17,RET,DEC26,65585,-120,0.2,12.3,-0.1
2026-07-17,ALL,MAR27,0,+0,0.0,0.5,0.0
2026-07-17,RET,MAR27,0,+0,0.0,0.5,0.0
2026-07-17,OPT,JUL26,1.00,-,12.0,-131.0,-1.0
2026-07-17,OPT,AUG26,1.30,-,23.0,128.0,-8.0
2026-07-17,OPT,SEP26,1.00,-,12.0,17.0,-5.0
2026-07-17,OPT,OCT26,0.00,-,9.0,9.0,-9.0
2026-07-20,ALL,JUL26,65185,+915,14207.54,16093.52,-266.98
2026-07-20,RET,JUL26,65185,+915,5414.54,2678.52,-133.98
2026-07-20,ALL,AUG26,65440,+920,2284.5,6230.4,753.0
2026-07-20,RET,AUG26,65440,+920,254.5,193.4,49.0
2026-07-20,ALL,SEP26,65705,+940,107.7,490.4,81.10000000000001
2026-07-20,RET,SEP26,65705,+940,82.7,131.4,80.10000000000001
2026-07-20,ALL,OCT26,66000,+940,0.2,28.6,0.0
2026-07-20,RET,OCT26,66000,+940,0.2,5.6000000000000005,0.0
2026-07-20,ALL,DEC26,66530,+945,0.0,174.3,0.0
2026-07-20,RET,DEC26,66530,+945,0.0,12.3,0.0
2026-07-20,ALL,MAR27,0,+0,0.0,0.5,0.0
2026-07-20,RET,MAR27,0,+0,0.0,0.5,0.0
2026-07-20,OPT,JUL26,0.30,-,60.0,-96.0,35.0
2026-07-20,OPT,AUG26,0.60,-,8.0,130.0,2.0
2026-07-21,ALL,JUL26,66520,+1335,12805.28,15139.34,-876.18
2026-07-21,RET,JUL26,66520,+1335,4228.280000000001,2707.34,28.82
2026-07-21,ALL,AUG26,66780,+1340,3228.1,7888.4,1655.0
2026-07-21,RET,AUG26,66780,+1340,260.1,266.40000000000003,73.0
2026-07-21,ALL,SEP26,67040,+1335,20.8,496.3,5.9
2026-07-21,RET,SEP26,67040,+1335,4.800000000000001,133.3,1.9000000000000001
2026-07-21,ALL,OCT26,67335,+1335,0.9,29.2,0.6000000000000001
2026-07-21,RET,OCT26,67335,+1335,0.9,6.2,0.6000000000000001
2026-07-21,ALL,DEC26,67880,+1350,0.5,174.3,0.0
2026-07-21,RET,DEC26,67880,+1350,0.5,12.3,0.0
2026-07-21,ALL,MAR27,0,+0,0.0,0.5,0.0
2026-07-21,RET,MAR27,0,+0,0.0,0.5,0.0
2026-07-21,OPT,JUL26,0.80,-,36.0,-99.0,-3.0
2026-07-21,OPT,AUG26,0.12,-,9.0,134.0,4.0
2026-07-21,OPT,SEP26,0.18,-,13.0,25.0,8.0
2026-07-21,OPT,OCT26,0.00,-,2.0,11.0,2.0
2026-07-22,ALL,JUL26,66010,-510,8445.38,14603.54,-460.8
2026-07-22,RET,JUL26,66010,-510,3319.38,2647.5400000000004,-59.8
2026-07-22,ALL,AUG26,66255,-525,1486.3,8321.0,432.6
2026-07-22,RET,AUG26,66255,-525,174.3,292.0,25.6
2026-07-22,ALL,SEP26,66510,-530,24.1,503.20000000000005,6.9
2026-07-22,RET,SEP26,66510,-530,8.1,139.20000000000002,5.9
2026-07-22,ALL,OCT26,66805,-530,0.0,29.2,0.0
2026-07-22,RET,OCT26,66805,-530,0.0,6.2,0.0
2026-07-22,ALL,DEC26,67375,-505,0.0,174.3,0.0
2026-07-22,RET,DEC26,67375,-505,0.0,12.3,0.0
2026-07-22,ALL,MAR27,0,+0,0.0,0.5,0.0
2026-07-22,RET,MAR27,0,+0,0.0,0.5,0.0
2026-07-22,OPT,JUL26,0.33,-,16.0,-100.0,-1.0
2026-07-22,OPT,AUG26,0.00,-,4.0,136.0,2.0
2026-07-23,ALL,JUL26,64855,-1155,9720.619999999999,13549.240000000002,-904.3
2026-07-23,RET,JUL26,64855,-1155,3476.62,2515.2400000000002,-132.3
2026-07-23,ALL,AUG26,65095,-1160,1877.6,8791.6,470.6
2026-07-23,RET,AUG26,65095,-1160,177.60000000000002,319.6,27.6
2026-07-23,ALL,SEP26,65335,-1175,66.7,514.6,11.4
2026-07-23,RET,SEP26,65335,-1175,5.7,137.6,-1.6
2026-07-23,ALL,OCT26,65630,-1175,6.0,30.2,1.0
2026-07-23,RET,OCT26,65630,-1175,0.0,6.2,0.0
2026-07-23,ALL,DEC26,66150,-1225,0.0,174.3,0.0
2026-07-23,RET,DEC26,66150,-1225,0.0,12.3,0.0
2026-07-23,ALL,MAR27,0,+0,0.0,0.5,0.0
2026-07-23,RET,MAR27,0,+0,0.0,0.5,0.0
2026-07-23,OPT,JUL26,0.00,-,4.0,-99.0,1.0
2026-07-23,OPT,SEP26,0.73,-,19.0,28.0,3.0
2026-07-24,ALL,JUL26,64215,-640,13119.12,12482.72,-964.52
2026-07-24,RET,JUL26,64215,-640,3414.1200000000003,2436.72,-78.52000000000001
2026-07-24,ALL,AUG26,64450,-645,3840.2,9682.4,890.8
2026-07-24,RET,AUG26,64450,-645,219.20000000000002,351.40000000000003,31.8
2026-07-24,ALL,SEP26,64695,-640,54.1,549.0,34.4
2026-07-24,RET,SEP26,64695,-640,4.1000000000000005,138.0,0.4
2026-07-24,ALL,OCT26,64990,-640,0.30000000000000004,30.2,0.0
2026-07-24,RET,OCT26,64990,-640,0.30000000000000004,6.2,0.0
2026-07-24,ALL,DEC26,65510,-640,0.0,174.3,0.0
2026-07-24,RET,DEC26,65510,-640,0.0,12.3,0.0
2026-07-24,ALL,MAR27,0,+0,0.0,0.5,0.0
2026-07-24,RET,MAR27,0,+0,0.0,0.5,0.0
2026-07-24,OPT,JUL26,5.50,-,26.0,-118.0,-19.0
2026-07-24,OPT,AUG26,0.00,-,2.0,134.0,-2.0
2026-07-24,OPT,SEP26,0.00,-,2.0,28.0,0.0
2026-07-27,ALL,JUL26,64965,+750,14945.54,10965.220000000001,-1458.2
2026-07-27,RET,JUL26,64965,+750,4287.54,2489.2200000000003,62.8
2026-07-27,ALL,AUG26,65190,+740,5560.3,11282.7,1587.3
2026-07-27,RET,AUG26,65190,+740,348.3,412.70000000000005,61.300000000000004
2026-07-27,ALL,SEP26,65435,+740,276.8,616.5,67.5
2026-07-27,RET,SEP26,65435,+740,16.8,140.5,2.5
2026-07-27,ALL,OCT26,65735,+745,7.300000000000001,29.4,-0.7999999999999998
2026-07-27,RET,OCT26,65735,+745,2.3000000000000003,8.4,2.2
2026-07-27,ALL,DEC26,66255,+745,0.1,174.4,0.1
2026-07-27,RET,DEC26,66255,+745,0.1,12.4,0.1
2026-07-27,ALL,MAR27,0,+0,0.2,0.6000000000000001,0.1
2026-07-27,RET,MAR27,0,+0,0.2,0.6000000000000001,0.1
2026-07-27,OPT,JUL26,3.00,-,16.0,-121.0,-3.0
2026-07-27,OPT,AUG26,0.42,-,17.0,135.0,1.0
2026-07-27,OPT,SEP26,1.00,-,8.0,24.0,-4.0
2026-07-27,OPT,DEC26,0.00,-,2.0,-68.0,2.0
2026-07-28,ALL,JUL26,63870,-1095,14908.46,8908.9,-2046.32
2026-07-28,RET,JUL26,63870,-1095,4092.46,2451.9,-37.32
2026-07-28,ALL,AUG26,64075,-1115,7181.4,13514.9,2219.2
2026-07-28,RET,AUG26,64075,-1115,588.4,580.9,168.20000000000002
2026-07-28,ALL,SEP26,64300,-1135,141.4,687.2,70.7
2026-07-28,RET,SEP26,64300,-1135,6.4,141.20000000000002,0.7000000000000001
2026-07-28,ALL,OCT26,64600,-1135,2.2,29.5,0.1
2026-07-28,RET,OCT26,64600,-1135,1.2000000000000002,8.5,0.1
2026-07-28,ALL,NOV26,0,+0,0.1,0.1,0.1
2026-07-28,RET,NOV26,0,+0,0.1,0.1,0.1
2026-07-28,ALL,DEC26,65120,-1135,0.0,174.4,0.0
2026-07-28,RET,DEC26,65120,-1135,0.0,12.4,0.0
2026-07-28,ALL,MAR27,0,+0,0.0,0.6000000000000001,0.0
2026-07-28,RET,MAR27,0,+0,0.0,0.6000000000000001,0.0
2026-07-28,OPT,JUL26,7.25,-,33.0,-117.0,4.0
2026-07-28,OPT,AUG26,1.00,-,4.0,135.0,0.0
2026-07-28,OPT,SEP26,0.00,-,2.0,24.0,0.0
2026-07-28,OPT,DEC26,0.00,-,28.0,-96.0,-28.0
