Date,Asset,Type,Month,Sett_PC,Change,Vol,OI,Delta
2026-03-13,GOLD,ALL,MAR26,5052,-63,479.0,2865.0,318.0
2026-03-13,GOLD,RET,MAR26,5052,-63,0,0,0
2026-03-13,GOLD,ALL,APR26,5062,-64,197555.39,208636.81999999998,-5262.469999999999
2026-03-13,GOLD,RET,APR26,5062,-64,37222.39,6581.82,41.53
2026-03-13,GOLD,ALL,MAY26,5080,-64,707.0,897.0,-49.0
2026-03-13,GOLD,RET,MAY26,5080,-64,0,0,0
2026-03-13,GOLD,ALL,JUN26,5099,-65,25320.66,148412.82,5839.889999999999
2026-03-13,GOLD,RET,JUN26,5099,-65,869.6600000000001,2144.82,59.89000000000001
2026-03-13,GOLD,ALL,JUL26,5118,-65,425.0,191.0,2.0
2026-03-13,GOLD,RET,JUL26,5118,-65,0,0,0
2026-03-13,GOLD,ALL,AUG26,5137,-66,5861.2,51582.049999999996,-161.79000000000002
2026-03-13,GOLD,RET,AUG26,5137,-66,349.2,1161.05,2.21
2026-03-13,GOLD,ALL,SEP26,5156,-66,26.0,59.0,1.0
2026-03-13,GOLD,RET,SEP26,5156,-66,0,0,0
2026-03-13,GOLD,ALL,OCT26,5174,-66,1042.32,5525.37,67.31
2026-03-13,GOLD,RET,OCT26,5174,-66,10.32,93.37,1.31
2026-03-13,GOLD,ALL,NOV26,5191,-66,0.0,71.0,0.0
2026-03-13,GOLD,RET,NOV26,5191,-66,0,0,0
2026-03-13,GOLD,ALL,DEC26,5210,-66,2101.0,14526.17,273.11
2026-03-13,GOLD,RET,DEC26,5210,-66,21.000000000000004,433.17,3.11
2026-03-13,GOLD,ALL,JAN27,5230,-66,6.0,70.0,-3.0
2026-03-13,GOLD,RET,JAN27,5230,-66,0,0,0
2026-03-13,GOLD,ALL,FEB27,5247,-66,166.4,354.0,-14.9
2026-03-13,GOLD,RET,FEB27,5247,-66,6.4,26.0,0.1
2026-03-13,GOLD,ALL,MAR27,5264,-66,0.0,4.0,0.0
2026-03-13,GOLD,RET,MAR27,5264,-66,0,0,0
2026-03-13,GOLD,ALL,APR27,5281,-66,44.1,361.8,5.3
2026-03-13,GOLD,RET,APR27,5281,-66,1.1,6.800000000000001,0.30000000000000004
2026-03-13,GOLD,ALL,MAY27,5299,-66,0.0,2.0,0.0
2026-03-13,GOLD,RET,MAY27,5299,-66,0,0,0
2026-03-13,GOLD,ALL,JUN27,5315,-65,21.3,214.7,11.1
2026-03-13,GOLD,RET,JUN27,5315,-65,0.30000000000000004,4.7,0.1
2026-03-13,GOLD,ALL,JUL27,5332,-65,0.0,2.0,0.0
2026-03-13,GOLD,RET,JUL27,5332,-65,0,0,0
2026-03-13,GOLD,ALL,AUG27,5348,-65,3.0,46.3,0.0
2026-03-13,GOLD,RET,AUG27,5348,-65,0.0,2.3000000000000003,0.0
2026-03-13,GOLD,ALL,SEP27,5362,-65,0.0,4.0,0.0
2026-03-13,GOLD,RET,SEP27,5362,-65,0,0,0
2026-03-13,GOLD,ALL,OCT27,5380,-65,0.0,16.7,0.0
2026-03-13,GOLD,RET,OCT27,5380,-65,0.0,1.7000000000000002,0.0
2026-03-13,GOLD,ALL,NOV27,5394,-65,0.0,8.0,0.0
2026-03-13,GOLD,RET,NOV27,5394,-65,0,0,0
2026-03-13,GOLD,ALL,DEC27,5411,-64,2.5,286.7,0.5
2026-03-13,GOLD,RET,DEC27,5411,-64,0.5,6.7,0.5
2026-03-13,GOLD,ALL,JAN28,5425,-64,0.0,4.0,0.0
2026-03-13,GOLD,RET,JAN28,5425,-64,0,0,0
2026-03-13,GOLD,ALL,FEB28,5442,-64,0.0,6.0,0.0
2026-03-13,GOLD,RET,FEB28,5442,-64,0,0,0
2026-03-13,GOLD,ALL,MAR28,5457,-64,0.0,2.0,0.0
2026-03-13,GOLD,RET,MAR28,5457,-64,0,0,0
2026-03-13,GOLD,ALL,APR28,5472,-64,0.0,4.0,0.0
2026-03-13,GOLD,RET,APR28,5472,-64,0,0,0
2026-03-13,GOLD,ALL,JUN28,5501,-64,0.0,37.0,0.0
2026-03-13,GOLD,RET,JUN28,5501,-64,0,0,0
2026-03-13,GOLD,ALL,DEC28,5591,-64,0.0,79.0,0.0
2026-03-13,GOLD,RET,DEC28,5591,-64,0,0,0
2026-03-13,GOLD,ALL,JUN29,5681,-64,0.0,59.0,0.0
2026-03-13,GOLD,RET,JUN29,5681,-64,0,0,0
2026-03-13,GOLD,ALL,DEC29,5887,-64,0.0,1.0,0.0
2026-03-13,GOLD,RET,DEC29,5887,-64,0,0,0
2026-03-13,SILVER,ALL,MAR26,80.91,-3.76,859.0,1497.0,332.8
2026-03-13,SILVER,RET,MAR26,80.91,-3.76,3.0,289.0,-0.2
2026-03-13,SILVER,ALL,APR26,81.06,-3.76,897.8,2280.8,13.4
2026-03-13,SILVER,RET,APR26,81.06,-3.76,150.8,295.8,0.4
2026-03-13,SILVER,ALL,MAY26,81.34,-3.77,70552.36,79675.48000000001,-1250.3400000000001
2026-03-13,SILVER,RET,MAY26,81.34,-3.77,21610.36,3452.4800000000005,130.66
2026-03-13,SILVER,ALL,JUN26,81.64,-3.79,322.0,365.0,20.0
2026-03-13,SILVER,RET,JUN26,81.64,-3.79,0,0,0
2026-03-13,SILVER,ALL,JUL26,81.93,-3.80,5766.1,20500.059999999998,269.84
2026-03-13,SILVER,RET,JUL26,81.93,-3.80,567.1,431.06,49.84
2026-03-13,SILVER,ALL,AUG26,82.23,-3.81,3.0,91.0,-1.0
2026-03-13,SILVER,RET,AUG26,82.23,-3.81,0,0,0
2026-03-13,SILVER,ALL,SEP26,82.50,-3.84,975.5,6848.7,56.4
2026-03-13,SILVER,RET,SEP26,82.50,-3.84,27.5,69.7,2.4000000000000004
2026-03-13,SILVER,ALL,OCT26,82.75,-3.84,1.0,32.0,-1.0
2026-03-13,SILVER,RET,OCT26,82.75,-3.84,0,0,0
2026-03-13,SILVER,ALL,NOV26,83.02,-3.84,0.0,54.0,0.0
2026-03-13,SILVER,RET,NOV26,83.02,-3.84,0,0,0
2026-03-13,SILVER,ALL,DEC26,83.23,-3.87,474.02,7183.42,-88.68
2026-03-13,SILVER,RET,DEC26,83.23,-3.87,12.02,60.42,0.32000000000000006
2026-03-13,SILVER,ALL,JAN27,83.50,-3.87,8.6,41.2,2.4
2026-03-13,SILVER,RET,JAN27,83.50,-3.87,0.6000000000000001,9.2,0.4
2026-03-13,SILVER,ALL,FEB27,83.73,-3.88,0.0,13.0,0.0
2026-03-13,SILVER,RET,FEB27,83.73,-3.88,0,0,0
2026-03-13,SILVER,ALL,MAR27,83.95,-3.89,40.0,617.0,6.0
2026-03-13,SILVER,RET,MAR27,83.95,-3.89,5.0,6.0,4.0
2026-03-13,SILVER,ALL,APR27,84.19,-3.89,0.0,2.0,0.0
2026-03-13,SILVER,RET,APR27,84.19,-3.89,0,0,0
2026-03-13,SILVER,ALL,MAY27,84.45,-3.90,10.0,190.0,5.0
2026-03-13,SILVER,RET,MAY27,84.45,-3.90,0.0,2.0,0.0
2026-03-13,SILVER,ALL,JUN27,84.69,-3.90,0.0,1.0,0.0
2026-03-13,SILVER,RET,JUN27,84.69,-3.90,0,0,0
2026-03-13,SILVER,ALL,JUL27,84.94,-3.90,12.0,74.5,0.0
2026-03-13,SILVER,RET,JUL27,84.94,-3.90,0.0,0.5,0.0
2026-03-13,SILVER,ALL,SEP27,85.43,-3.90,7.0,30.0,6.0
2026-03-13,SILVER,RET,SEP27,85.43,-3.90,0,0,0
2026-03-13,SILVER,ALL,DEC27,86.14,-3.91,1.0,76.0,0.0
2026-03-13,SILVER,RET,DEC27,86.14,-3.91,0,0,0
2026-03-13,SILVER,ALL,MAR28,86.77,-3.91,0.0,2.0,0.0
2026-03-13,SILVER,RET,MAR28,86.77,-3.91,0,0,0
2026-03-13,SILVER,ALL,JUL28,87.71,-3.91,0.0,11.0,0.0
2026-03-13,SILVER,RET,JUL28,87.71,-3.91,0,0,0
2026-03-13,SILVER,ALL,DEC28,88.76,-3.91,0.0,57.0,0.0
2026-03-13,SILVER,RET,DEC28,88.76,-3.91,0,0,0
2026-03-13,PLATINUM,ALL,MAR26,2037,-123,0.0,200.0,0.0
2026-03-13,PLATINUM,RET,MAR26,2037,-123,0,0,0
2026-03-13,PLATINUM,ALL,APR26,2042,-123,27735.0,34868.0,-2529.0
2026-03-13,PLATINUM,RET,APR26,2042,-123,0,0,0
2026-03-13,PLATINUM,ALL,MAY26,2051,-124,128.0,42.0,-10.0
2026-03-13,PLATINUM,RET,MAY26,2051,-124,0,0,0
2026-03-13,PLATINUM,ALL,JUL26,2065,-126,5919.0,24621.0,1215.0
2026-03-13,PLATINUM,RET,JUL26,2065,-126,0,0,0
2026-03-13,PLATINUM,ALL,OCT26,2078,-126,348.0,6381.0,76.0
2026-03-13,PLATINUM,RET,OCT26,2078,-126,0,0,0
2026-03-13,PLATINUM,ALL,JAN27,2083,-126,59.0,1048.0,-1.0
2026-03-13,PLATINUM,RET,JAN27,2083,-126,0,0,0
2026-03-13,PLATINUM,ALL,APR27,2087,-126,15.0,464.0,2.0
2026-03-13,PLATINUM,RET,APR27,2087,-126,0,0,0
2026-03-13,PLATINUM,ALL,JUL27,2093,-126,6.0,84.0,-2.0
2026-03-13,PLATINUM,RET,JUL27,2093,-126,0,0,0
2026-03-13,PLATINUM,ALL,OCT27,2098,-126,8.0,43.0,-4.0
2026-03-13,PLATINUM,RET,OCT27,2098,-126,0,0,0
2026-03-13,PLATINUM,ALL,JAN28,2108,-126,0.0,9.0,0.0
2026-03-13,PLATINUM,RET,JAN28,2108,-126,0,0,0
2026-03-13,PLATINUM,ALL,APR28,2119,-126,0.0,9.0,0.0
2026-03-13,PLATINUM,RET,APR28,2119,-126,0,0,0
2026-03-13,PLATINUM,ALL,JUL28,2131,-125,0.0,27.0,0.0
2026-03-13,PLATINUM,RET,JUL28,2131,-125,0,0,0
2026-03-13,PLATINUM,ALL,OCT28,2142,-125,0.0,1.0,0.0
2026-03-13,PLATINUM,RET,OCT28,2142,-125,0,0,0
2026-03-13,COPPER,ALL,MAR26,5.715,-0.110,546.0,2079.0,18.0
2026-03-13,COPPER,RET,MAR26,5.715,-0.110,0,0,0
2026-03-13,COPPER,ALL,APR26,5.728,-0.111,790.1,9461.0,16.8
2026-03-13,COPPER,RET,APR26,5.728,-0.111,38.1,123.0,-7.2
2026-03-13,COPPER,ALL,MAY26,5.757,-0.111,38791.1,116880.1,264.9
2026-03-13,COPPER,RET,MAY26,5.757,-0.111,1469.1000000000001,1198.1000000000001,66.9
2026-03-13,COPPER,ALL,JUN26,5.785,-0.111,412.0,3886.2,2.0
2026-03-13,COPPER,RET,JUN26,5.785,-0.111,9.0,32.2,0.0
2026-03-13,COPPER,ALL,JUL26,5.814,-0.111,6772.4,48562.7,-2288.0
2026-03-13,COPPER,RET,JUL26,5.814,-0.111,58.400000000000006,82.7,12.0
2026-03-13,COPPER,ALL,AUG26,5.845,-0.111,68.0,1980.0,61.0
2026-03-13,COPPER,RET,AUG26,5.845,-0.111,0.0,0.0,0.0
2026-03-13,COPPER,ALL,SEP26,5.873,-0.112,4967.9,25017.7,-225.6
2026-03-13,COPPER,RET,SEP26,5.873,-0.112,1.9000000000000001,10.700000000000001,0.4
2026-03-13,COPPER,ALL,OCT26,5.902,-0.112,63.0,1106.0,55.0
2026-03-13,COPPER,RET,OCT26,5.902,-0.112,0,0,0
2026-03-13,COPPER,ALL,NOV26,5.930,-0.111,4.0,1058.3,1.0
2026-03-13,COPPER,RET,NOV26,5.930,-0.111,0.0,0.30000000000000004,0.0
2026-03-13,COPPER,ALL,DEC26,5.955,-0.111,1725.8,19726.5,-32.5
2026-03-13,COPPER,RET,DEC26,5.955,-0.111,0.8,12.5,-0.5
2026-03-13,COPPER,ALL,JAN27,5.984,-0.111,6.0,560.0,3.0
2026-03-13,COPPER,RET,JAN27,5.984,-0.111,0,0,0
2026-03-13,COPPER,ALL,FEB27,6.008,-0.110,0.2,120.9,0.2
2026-03-13,COPPER,RET,FEB27,6.008,-0.110,0.2,0.9,0.2
2026-03-13,COPPER,ALL,MAR27,6.030,-0.110,64.0,1897.0,10.0
2026-03-13,COPPER,RET,MAR27,6.030,-0.110,0,0,0
2026-03-13,COPPER,ALL,APR27,6.053,-0.110,8.0,33.0,4.0
2026-03-13,COPPER,RET,APR27,6.053,-0.110,0,0,0
2026-03-13,COPPER,ALL,MAY27,6.074,-0.109,20.0,586.0,-4.0
2026-03-13,COPPER,RET,MAY27,6.074,-0.109,0,0,0
2026-03-13,COPPER,ALL,JUN27,6.094,-0.108,0.0,21.0,0.0
2026-03-13,COPPER,RET,JUN27,6.094,-0.108,0,0,0
2026-03-13,COPPER,ALL,JUL27,6.115,-0.108,16.0,270.0,-1.0
2026-03-13,COPPER,RET,JUL27,6.115,-0.108,0,0,0
2026-03-13,COPPER,ALL,AUG27,6.136,-0.107,0.0,14.0,0.0
2026-03-13,COPPER,RET,AUG27,6.136,-0.107,0,0,0
2026-03-13,COPPER,ALL,SEP27,6.154,-0.107,22.0,228.0,3.0
2026-03-13,COPPER,RET,SEP27,6.154,-0.107,0,0,0
2026-03-13,COPPER,ALL,OCT27,6.174,-0.107,0.0,5.0,0.0
2026-03-13,COPPER,RET,OCT27,6.174,-0.107,0,0,0
2026-03-13,COPPER,ALL,NOV27,6.189,-0.107,0.0,2.0,0.0
2026-03-13,COPPER,RET,NOV27,6.189,-0.107,0,0,0
2026-03-13,COPPER,ALL,DEC27,6.204,-0.107,31.0,805.0,12.0
2026-03-13,COPPER,RET,DEC27,6.204,-0.107,0,0,0
2026-03-13,COPPER,ALL,MAR28,6.260,-0.107,12.0,126.0,0.0
2026-03-13,COPPER,RET,MAR28,6.260,-0.107,0,0,0
2026-03-13,COPPER,ALL,MAY28,6.298,-0.107,7.0,71.0,0.0
2026-03-13,COPPER,RET,MAY28,6.298,-0.107,0,0,0
2026-03-13,COPPER,ALL,JUL28,6.340,-0.107,7.0,44.0,6.0
2026-03-13,COPPER,RET,JUL28,6.340,-0.107,0,0,0
2026-03-13,COPPER,ALL,SEP28,6.380,-0.107,0.0,7.0,0.0
2026-03-13,COPPER,RET,SEP28,6.380,-0.107,0,0,0
2026-03-13,COPPER,ALL,DEC28,6.434,-0.107,0.0,19.0,0.0
2026-03-13,COPPER,RET,DEC28,6.434,-0.107,0,0,0
2026-03-13,COPPER,ALL,MAR29,6.478,-0.107,0.0,8.0,0.0
2026-03-13,COPPER,RET,MAR29,6.478,-0.107,0,0,0
2026-03-13,GOLD,OPT,MAR26,4.09,-,18311.2,-17374.4,-4908.5
2026-03-13,GOLD,OPT,APR26,1.36,-,18916.2,16890.5,-2973.9
2026-03-13,GOLD,OPT,MAY26,1.05,-,9386.4,14612.099999999999,-220.20000000000005
2026-03-13,GOLD,OPT,JUN26,0.41,-,7696.2,44484.2,-1709.2
2026-03-13,GOLD,OPT,JUL26,1.35,-,715.0,15124.8,-192.0
2026-03-13,GOLD,OPT,AUG26,0.09,-,301.0,12523.0,128.0
2026-03-13,GOLD,OPT,SEP26,0.83,-,11.0,5506.0,-2.0
2026-03-13,GOLD,OPT,OCT26,1.67,-,16.0,11112.0,-1.0
2026-03-13,GOLD,OPT,NOV26,0.00,-,2.0,368.0,-1.0
2026-03-13,GOLD,OPT,DEC26,0.24,-,1579.0,51160.0,366.0
2026-03-13,GOLD,OPT,FEB27,0.21,-,68.0,2304.0,13.0
2026-03-13,SILVER,OPT,MAR26,2.07,-,698.0,-667.0,-210.0
2026-03-13,SILVER,OPT,APR26,1.05,-,3280.0,902.0,70.0
2026-03-13,SILVER,OPT,MAY26,0.45,-,1690.0,2638.0,-19.0
2026-03-13,SILVER,OPT,JUN26,0.47,-,516.0,1752.0,-94.0
2026-03-13,SILVER,OPT,JUL26,0.22,-,562.0,6346.0,-15.0
2026-03-13,SILVER,OPT,AUG26,0.00,-,3.0,-288.0,3.0
2026-03-13,SILVER,OPT,SEP26,0.00,-,100.0,117.0,60.0
2026-03-13,SILVER,OPT,OCT26,0.00,-,73.0,821.0,73.0
2026-03-13,SILVER,OPT,NOV26,0.00,-,4.0,-73.0,-4.0
2026-03-13,SILVER,OPT,DEC26,0.27,-,14.0,4275.0,10.0
2026-03-13,COPPER,OPT,MAR26,5.55,-,557.0,-807.0,-837.0
2026-03-13,COPPER,OPT,APR26,2.14,-,1619.0,5142.0,-168.0
2026-03-13,COPPER,OPT,MAY26,3.67,-,1603.0,14508.0,-690.0
2026-03-13,COPPER,OPT,JUN26,2.00,-,111.0,3384.0,-33.0
2026-03-13,COPPER,OPT,JUL26,0.42,-,151.0,-4268.0,-94.0
2026-03-13,COPPER,OPT,AUG26,0.00,-,22.0,-232.0,3.0
2026-03-13,COPPER,OPT,SEP26,1.33,-,7.0,-1046.0,-2.0
2026-03-13,COPPER,OPT,DEC26,0.01,-,199.0,2204.0,188.0
2026-03-13,PLATINUM,OPT,MAR26,0.00,-,74.0,85.0,46.0
2026-03-13,PLATINUM,OPT,APR26,1.89,-,807.0,5711.0,371.0
2026-03-13,PLATINUM,OPT,MAY26,10.60,-,116.0,-304.0,-99.0
2026-03-13,PLATINUM,OPT,JUN26,200.00,-,201.0,117.0,-200.0
2026-03-13,PLATINUM,OPT,JUL26,0.03,-,126.0,2224.0,64.0
2026-03-13,PLATINUM,OPT,OCT26,0.00,-,20.0,-73.0,9.0
2026-03-16,GOLD,ALL,MAR26,4994,-58,130.0,893.0,-1972.0
2026-03-16,GOLD,RET,MAR26,4994,-58,0,0,0
2026-03-16,GOLD,ALL,APR26,5002,-60,218285.33,197730.03,-10180.09
2026-03-16,GOLD,RET,APR26,5002,-60,47376.33,6074.03,-497.09
2026-03-16,GOLD,ALL,MAY26,5020,-59,459.0,887.0,-10.0
2026-03-16,GOLD,RET,MAY26,5020,-59,0,0,0
2026-03-16,GOLD,ALL,JUN26,5039,-60,33278.27,148898.25999999998,4606.14
2026-03-16,GOLD,RET,JUN26,5039,-60,1270.27,2403.26,259.14
2026-03-16,GOLD,ALL,JUL26,5058,-60,432.0,167.0,-24.0
2026-03-16,GOLD,RET,JUL26,5058,-60,0,0,0
2026-03-16,GOLD,ALL,AUG26,5078,-60,6370.56,51825.56,243.51
2026-03-16,GOLD,RET,AUG26,5078,-60,461.56,1469.56,308.51
2026-03-16,GOLD,ALL,SEP26,5096,-60,46.0,63.0,4.0
2026-03-16,GOLD,RET,SEP26,5096,-60,0,0,0
2026-03-16,GOLD,ALL,OCT26,5114,-60,1173.31,5699.87,174.5
2026-03-16,GOLD,RET,OCT26,5114,-60,228.31,293.87,200.5
2026-03-16,GOLD,ALL,NOV26,5131,-60,0.0,71.0,0.0
2026-03-16,GOLD,RET,NOV26,5131,-60,0,0,0
2026-03-16,GOLD,ALL,DEC26,5150,-60,1766.8799999999999,14775.449999999999,249.28
2026-03-16,GOLD,RET,DEC26,5150,-60,29.88,430.45,-2.72
2026-03-16,GOLD,ALL,JAN27,5170,-60,0.0,70.0,0.0
2026-03-16,GOLD,RET,JAN27,5170,-60,0,0,0
2026-03-16,GOLD,ALL,FEB27,5186,-61,158.8,363.3,9.3
2026-03-16,GOLD,RET,FEB27,5186,-61,8.8,26.3,0.3
2026-03-16,GOLD,ALL,MAR27,5203,-61,0.0,4.0,0.0
2026-03-16,GOLD,RET,MAR27,5203,-61,0,0,0
2026-03-16,GOLD,ALL,APR27,5220,-61,88.6,382.0,20.2
2026-03-16,GOLD,RET,APR27,5220,-61,1.6,7.0,0.2
2026-03-16,GOLD,ALL,MAY27,5238,-61,0.0,2.0,0.0
2026-03-16,GOLD,RET,MAY27,5238,-61,0,0,0
2026-03-16,GOLD,ALL,JUN27,5254,-61,29.0,217.9,3.2
2026-03-16,GOLD,RET,JUN27,5254,-61,1.0,3.9000000000000004,-0.8
2026-03-16,GOLD,ALL,JUL27,5270,-61,0.0,2.0,0.0
2026-03-16,GOLD,RET,JUL27,5270,-61,0,0,0
2026-03-16,GOLD,ALL,AUG27,5287,-61,16.0,50.3,4.0
2026-03-16,GOLD,RET,AUG27,5287,-61,0.0,2.3000000000000003,0.0
2026-03-16,GOLD,ALL,SEP27,5301,-61,0.0,4.0,0.0
2026-03-16,GOLD,RET,SEP27,5301,-61,0,0,0
2026-03-16,GOLD,ALL,OCT27,5318,-61,11.7,16.0,-0.7
2026-03-16,GOLD,RET,OCT27,5318,-61,0.7000000000000001,2.0,0.30000000000000004
2026-03-16,GOLD,ALL,NOV27,5333,-61,0.0,8.0,0.0
2026-03-16,GOLD,RET,NOV27,5333,-61,0,0,0
2026-03-16,GOLD,ALL,DEC27,5349,-62,18.3,294.0,7.3
2026-03-16,GOLD,RET,DEC27,5349,-62,0.30000000000000004,7.0,0.30000000000000004
2026-03-16,GOLD,ALL,JAN28,5364,-61,0.0,4.0,0.0
2026-03-16,GOLD,RET,JAN28,5364,-61,0,0,0
2026-03-16,GOLD,ALL,FEB28,5380,-61,2.0,5.0,-1.0
2026-03-16,GOLD,RET,FEB28,5380,-61,0,0,0
2026-03-16,GOLD,ALL,MAR28,5396,-61,0.0,2.0,0.0
2026-03-16,GOLD,RET,MAR28,5396,-61,0,0,0
2026-03-16,GOLD,ALL,APR28,5412,-61,0.0,4.0,0.0
2026-03-16,GOLD,RET,APR28,5412,-61,0,0,0
2026-03-16,GOLD,ALL,JUN28,5441,-60,0.0,37.0,0.0
2026-03-16,GOLD,RET,JUN28,5441,-60,0,0,0
2026-03-16,GOLD,ALL,DEC28,5530,-60,0.0,79.0,0.0
2026-03-16,GOLD,RET,DEC28,5530,-60,0,0,0
2026-03-16,GOLD,ALL,JUN29,5621,-60,2.0,61.0,2.0
2026-03-16,GOLD,RET,JUN29,5621,-60,0,0,0
2026-03-16,GOLD,ALL,DEC29,5827,-60,0.0,1.0,0.0
2026-03-16,GOLD,RET,DEC29,5827,-60,0,0,0
2026-03-16,SILVER,ALL,MAR26,80.26,-0.65,94.6,776.2,-720.8
2026-03-16,SILVER,RET,MAR26,80.26,-0.65,3.6,297.2,8.200000000000001
2026-03-16,SILVER,ALL,APR26,80.40,-0.66,1105.0,2219.0,-55.8
2026-03-16,SILVER,RET,APR26,80.40,-0.66,148.0,296.0,0.2
2026-03-16,SILVER,ALL,MAY26,80.68,-0.66,66608.52,79687.58,1.4999999999999858
2026-03-16,SILVER,RET,MAY26,80.68,-0.66,23979.52,3313.5800000000004,-138.5
2026-03-16,SILVER,ALL,JUN26,80.98,-0.66,373.0,398.0,33.0
2026-03-16,SILVER,RET,JUN26,80.98,-0.66,0,0,0
2026-03-16,SILVER,ALL,JUL26,81.27,-0.66,4877.320000000001,20518.14,20.08
2026-03-16,SILVER,RET,JUL26,81.27,-0.66,477.32000000000005,417.14,-13.920000000000002
2026-03-16,SILVER,ALL,AUG26,81.57,-0.66,20.0,97.0,6.0
2026-03-16,SILVER,RET,AUG26,81.57,-0.66,0,0,0
2026-03-16,SILVER,ALL,SEP26,81.83,-0.66,1053.7,6986.6,137.9
2026-03-16,SILVER,RET,SEP26,81.83,-0.66,15.700000000000001,70.6,0.8999999999999999
2026-03-16,SILVER,ALL,OCT26,82.08,-0.67,4.0,32.0,0.0
2026-03-16,SILVER,RET,OCT26,82.08,-0.67,0,0,0
2026-03-16,SILVER,ALL,NOV26,82.35,-0.67,0.0,54.0,0.0
2026-03-16,SILVER,RET,NOV26,82.35,-0.67,0,0,0
2026-03-16,SILVER,ALL,DEC26,82.56,-0.67,495.1,7179.42,-4.0
2026-03-16,SILVER,RET,DEC26,82.56,-0.67,15.100000000000001,59.42,-1.0
2026-03-16,SILVER,ALL,JAN27,82.82,-0.68,7.8,42.4,1.2
2026-03-16,SILVER,RET,JAN27,82.82,-0.68,0.8,9.4,0.2
2026-03-16,SILVER,ALL,FEB27,83.05,-0.68,5.0,10.0,-3.0
2026-03-16,SILVER,RET,FEB27,83.05,-0.68,0,0,0
2026-03-16,SILVER,ALL,MAR27,83.27,-0.68,43.0,631.0,14.0
2026-03-16,SILVER,RET,MAR27,83.27,-0.68,0.0,6.0,0.0
2026-03-16,SILVER,ALL,APR27,83.50,-0.69,0.0,2.0,0.0
2026-03-16,SILVER,RET,APR27,83.50,-0.69,0,0,0
2026-03-16,SILVER,ALL,MAY27,83.76,-0.69,13.0,194.0,4.0
2026-03-16,SILVER,RET,MAY27,83.76,-0.69,0.0,2.0,0.0
2026-03-16,SILVER,ALL,JUN27,84.00,-0.69,0.0,1.0,0.0
2026-03-16,SILVER,RET,JUN27,84.00,-0.69,0,0,0
2026-03-16,SILVER,ALL,JUL27,84.25,-0.69,4.0,76.5,2.0
2026-03-16,SILVER,RET,JUL27,84.25,-0.69,0.0,0.5,0.0
2026-03-16,SILVER,ALL,SEP27,84.74,-0.69,3.0,31.0,1.0
2026-03-16,SILVER,RET,SEP27,84.74,-0.69,0,0,0
2026-03-16,SILVER,ALL,DEC27,85.44,-0.70,5.0,76.0,0.0
2026-03-16,SILVER,RET,DEC27,85.44,-0.70,0,0,0
2026-03-16,SILVER,ALL,MAR28,86.08,-0.69,0.0,2.0,0.0
2026-03-16,SILVER,RET,MAR28,86.08,-0.69,0,0,0
2026-03-16,SILVER,ALL,JUL28,87.02,-0.69,0.0,11.0,0.0
2026-03-16,SILVER,RET,JUL28,87.02,-0.69,0,0,0
2026-03-16,SILVER,ALL,DEC28,88.07,-0.69,0.0,57.0,0.0
2026-03-16,SILVER,RET,DEC28,88.07,-0.69,0,0,0
2026-03-16,PLATINUM,ALL,MAR26,2090,+53,2.0,200.0,0.0
2026-03-16,PLATINUM,RET,MAR26,2090,+53,0,0,0
2026-03-16,PLATINUM,ALL,APR26,2095,+53,21854.0,33299.0,-1569.0
2026-03-16,PLATINUM,RET,APR26,2095,+53,0,0,0
2026-03-16,PLATINUM,ALL,MAY26,2104,+53,45.0,44.0,2.0
2026-03-16,PLATINUM,RET,MAY26,2104,+53,0,0,0
2026-03-16,PLATINUM,ALL,JUL26,2117,+52,5039.0,25778.0,1157.0
2026-03-16,PLATINUM,RET,JUL26,2117,+52,0,0,0
2026-03-16,PLATINUM,ALL,OCT26,2131,+53,208.0,6385.0,4.0
2026-03-16,PLATINUM,RET,OCT26,2131,+53,0,0,0
2026-03-16,PLATINUM,ALL,JAN27,2137,+54,41.0,1047.0,-1.0
2026-03-16,PLATINUM,RET,JAN27,2137,+54,0,0,0
2026-03-16,PLATINUM,ALL,APR27,2141,+54,13.0,468.0,4.0
2026-03-16,PLATINUM,RET,APR27,2141,+54,0,0,0
2026-03-16,PLATINUM,ALL,JUL27,2146,+53,7.0,83.0,-1.0
2026-03-16,PLATINUM,RET,JUL27,2146,+53,0,0,0
2026-03-16,PLATINUM,ALL,OCT27,2152,+53,7.0,46.0,3.0
2026-03-16,PLATINUM,RET,OCT27,2152,+53,0,0,0
2026-03-16,PLATINUM,ALL,JAN28,2161,+53,0.0,9.0,0.0
2026-03-16,PLATINUM,RET,JAN28,2161,+53,0,0,0
2026-03-16,PLATINUM,ALL,APR28,2172,+53,0.0,9.0,0.0
2026-03-16,PLATINUM,RET,APR28,2172,+53,0,0,0
2026-03-16,PLATINUM,ALL,JUL28,2184,+53,0.0,27.0,0.0
2026-03-16,PLATINUM,RET,JUL28,2184,+53,0,0,0
2026-03-16,PLATINUM,ALL,OCT28,2195,+53,0.0,1.0,0.0
2026-03-16,PLATINUM,RET,OCT28,2195,+53,0,0,0
2026-03-16,COPPER,ALL,MAR26,5.790,+0.076,571.0,1984.0,77.0
2026-03-16,COPPER,RET,MAR26,5.790,+0.076,0,0,0
2026-03-16,COPPER,ALL,APR26,5.803,+0.075,401.1,9419.0,-42.0
2026-03-16,COPPER,RET,APR26,5.803,+0.075,45.1,122.0,-1.0
2026-03-16,COPPER,ALL,MAY26,5.832,+0.074,43180.3,115830.4,-1122.7
2026-03-16,COPPER,RET,MAY26,5.832,+0.074,1675.3000000000002,1161.4,-36.7
2026-03-16,COPPER,ALL,JUN26,5.859,+0.074,133.2,3909.3,23.1
2026-03-16,COPPER,RET,JUN26,5.859,+0.074,7.2,32.3,0.10000000000000009
2026-03-16,COPPER,ALL,JUL26,5.889,+0.074,3573.4,48811.6,248.9
2026-03-16,COPPER,RET,JUL26,5.889,+0.074,69.4,75.60000000000001,-7.1000000000000005
2026-03-16,COPPER,ALL,AUG26,5.919,+0.074,84.0,1979.0,-1.0
2026-03-16,COPPER,RET,AUG26,5.919,+0.074,0,0,0
2026-03-16,COPPER,ALL,SEP26,5.947,+0.074,1217.6,24962.3,-55.4
2026-03-16,COPPER,RET,SEP26,5.947,+0.074,2.6,12.3,1.6
2026-03-16,COPPER,ALL,OCT26,5.976,+0.074,73.0,1169.0,63.0
2026-03-16,COPPER,RET,OCT26,5.976,+0.074,0,0,0
2026-03-16,COPPER,ALL,NOV26,6.005,+0.075,1.0,1059.3,1.0
2026-03-16,COPPER,RET,NOV26,6.005,+0.075,0.0,0.30000000000000004,0.0
2026-03-16,COPPER,ALL,DEC26,6.030,+0.074,421.3,20043.5,97.0
2026-03-16,COPPER,RET,DEC26,6.030,+0.074,0.30000000000000004,12.5,0.0
2026-03-16,COPPER,ALL,JAN27,6.059,+0.074,4.0,560.0,0.0
2026-03-16,COPPER,RET,JAN27,6.059,+0.074,0,0,0
2026-03-16,COPPER,ALL,FEB27,6.083,+0.074,2.0,120.9,0.0
2026-03-16,COPPER,RET,FEB27,6.083,+0.074,0.0,0.9,0.0
2026-03-16,COPPER,ALL,MAR27,6.104,+0.074,117.0,1896.0,-1.0
2026-03-16,COPPER,RET,MAR27,6.104,+0.074,0,0,0
2026-03-16,COPPER,ALL,APR27,6.128,+0.075,0.0,33.0,0.0
2026-03-16,COPPER,RET,APR27,6.128,+0.075,0,0,0
2026-03-16,COPPER,ALL,MAY27,6.147,+0.073,60.0,589.0,3.0
2026-03-16,COPPER,RET,MAY27,6.147,+0.073,0,0,0
2026-03-16,COPPER,ALL,JUN27,6.167,+0.073,2.0,21.0,0.0
2026-03-16,COPPER,RET,JUN27,6.167,+0.073,0,0,0
2026-03-16,COPPER,ALL,JUL27,6.187,+0.071,65.0,291.0,21.0
2026-03-16,COPPER,RET,JUL27,6.187,+0.071,0,0,0
2026-03-16,COPPER,ALL,AUG27,6.208,+0.071,0.0,14.0,0.0
2026-03-16,COPPER,RET,AUG27,6.208,+0.071,0,0,0
2026-03-16,COPPER,ALL,SEP27,6.225,+0.071,56.0,213.0,-15.0
2026-03-16,COPPER,RET,SEP27,6.225,+0.071,0,0,0
2026-03-16,COPPER,ALL,OCT27,6.245,+0.071,0.0,5.0,0.0
2026-03-16,COPPER,RET,OCT27,6.245,+0.071,0,0,0
2026-03-16,COPPER,ALL,NOV27,6.261,+0.071,0.0,2.0,0.0
2026-03-16,COPPER,RET,NOV27,6.261,+0.071,0,0,0
2026-03-16,COPPER,ALL,DEC27,6.276,+0.072,59.0,814.0,9.0
2026-03-16,COPPER,RET,DEC27,6.276,+0.072,0,0,0
2026-03-16,COPPER,ALL,MAR28,6.332,+0.073,12.0,126.0,0.0
2026-03-16,COPPER,RET,MAR28,6.332,+0.073,0,0,0
2026-03-16,COPPER,ALL,MAY28,6.371,+0.073,8.0,72.0,1.0
2026-03-16,COPPER,RET,MAY28,6.371,+0.073,0,0,0
2026-03-16,COPPER,ALL,JUL28,6.412,+0.072,7.0,48.0,4.0
2026-03-16,COPPER,RET,JUL28,6.412,+0.072,0,0,0
2026-03-16,COPPER,ALL,SEP28,6.452,+0.072,0.0,7.0,0.0
2026-03-16,COPPER,RET,SEP28,6.452,+0.072,0,0,0
2026-03-16,COPPER,ALL,DEC28,6.507,+0.072,0.0,19.0,0.0
2026-03-16,COPPER,RET,DEC28,6.507,+0.072,0,0,0
2026-03-16,COPPER,ALL,MAR29,6.550,+0.072,0.0,8.0,0.0
2026-03-16,COPPER,RET,MAR29,6.550,+0.072,0,0,0
2026-03-16,GOLD,OPT,MAR26,5.21,-,13405.1,-15755.7,1618.9
2026-03-16,GOLD,OPT,APR26,0.74,-,18078.2,16847.899999999994,-43.59999999999991
2026-03-16,GOLD,OPT,MAY26,0.98,-,10339.0,14967.099999999999,355.0
2026-03-16,GOLD,OPT,JUN26,0.34,-,10225.1,47643.100000000006,3158.9
2026-03-16,GOLD,OPT,JUL26,0.63,-,2604.0,15143.8,19.0
2026-03-16,GOLD,OPT,AUG26,0.22,-,609.0,12759.0,236.0
2026-03-16,GOLD,OPT,SEP26,1.29,-,641.0,5190.0,-316.0
2026-03-16,GOLD,OPT,OCT26,0.75,-,7.0,11114.0,2.0
2026-03-16,GOLD,OPT,NOV26,2.00,-,3.0,366.0,-2.0
2026-03-16,GOLD,OPT,DEC26,0.20,-,1504.0,51561.0,476.0
2026-03-16,GOLD,OPT,JAN27,0.25,-,5.0,3892.0,1.0
2026-03-16,SILVER,OPT,MAR26,4.25,-,945.0,-647.0,19.0
2026-03-16,SILVER,OPT,APR26,0.56,-,2720.0,790.0,-110.0
2026-03-16,SILVER,OPT,MAY26,1.03,-,1554.0,2588.0,-50.0
2026-03-16,SILVER,OPT,JUN26,0.18,-,934.0,2242.0,490.0
2026-03-16,SILVER,OPT,JUL26,1.17,-,472.0,6289.0,-57.0
2026-03-16,SILVER,OPT,AUG26,0.08,-,40.0,-260.0,28.0
2026-03-16,SILVER,OPT,SEP26,0.00,-,45.0,92.0,-25.0
2026-03-16,SILVER,OPT,OCT26,0.00,-,131.0,852.0,31.0
2026-03-16,SILVER,OPT,DEC26,0.06,-,34.0,4256.0,-19.0
2026-03-16,SILVER,OPT,MAR27,0.00,-,25.0,25.0,25.0
2026-03-16,SILVER,OPT,DEC27,1.00,-,50.0,0.0,0.0
2026-03-16,COPPER,OPT,MAR26,5.90,-,607.0,-972.0,-161.0
2026-03-16,COPPER,OPT,APR26,5.30,-,3315.0,5691.0,549.0
2026-03-16,COPPER,OPT,MAY26,3.42,-,1132.0,14351.0,-156.0
2026-03-16,COPPER,OPT,JUN26,0.08,-,269.0,3597.0,213.0
2026-03-16,COPPER,OPT,JUL26,6.40,-,37.0,-4265.0,3.0
2026-03-16,COPPER,OPT,AUG26,0.50,-,3.0,-231.0,1.0
2026-03-16,COPPER,OPT,SEP26,0.00,-,1.0,-1045.0,1.0
2026-03-16,COPPER,OPT,JAN27,0.00,-,2.0,-8.0,-2.0
2026-03-16,PLATINUM,OPT,MAR26,0.00,-,16.0,-98.0,-16.0
2026-03-16,PLATINUM,OPT,APR26,0.30,-,874.0,5056.0,-655.0
2026-03-16,PLATINUM,OPT,MAY26,0.75,-,236.0,-274.0,30.0
2026-03-16,PLATINUM,OPT,JUN26,0.00,-,59.0,345.0,-22.0
2026-03-16,PLATINUM,OPT,JUL26,0.01,-,91.0,2313.0,89.0
2026-03-17,GOLD,ALL,MAR26,5001,+7,239.0,973.0,80.0
2026-03-17,GOLD,RET,MAR26,5001,+7,0,0,0
2026-03-17,GOLD,ALL,APR26,5008,+6,152360.05,193251.09,-4791.74
2026-03-17,GOLD,RET,APR26,5008,+6,32941.05,6088.09,21.259999999999998
2026-03-17,GOLD,ALL,MAY26,5027,+6,528.0,921.0,34.0
2026-03-17,GOLD,RET,MAY26,5027,+6,0,0,0
2026-03-17,GOLD,ALL,JUN26,5046,+6,21364.690000000002,152765.30000000002,3902.14
2026-03-17,GOLD,RET,JUN26,5046,+6,822.69,2513.3,111.14
2026-03-17,GOLD,ALL,JUL26,5065,+6,218.0,164.0,-3.0
2026-03-17,GOLD,RET,JUL26,5065,+6,0,0,0
2026-03-17,GOLD,ALL,AUG26,5084,+6,5430.450000000001,51991.06,165.5
2026-03-17,GOLD,RET,AUG26,5084,+6,77.45,1472.06,2.5
2026-03-17,GOLD,ALL,SEP26,5102,+6,223.0,163.0,100.0
2026-03-17,GOLD,RET,SEP26,5102,+6,0,0,0
2026-03-17,GOLD,ALL,OCT26,5120,+6,441.42999999999995,5679.0599999999995,-20.810000000000002
2026-03-17,GOLD,RET,OCT26,5120,+6,15.43,293.06,-0.81
2026-03-17,GOLD,ALL,NOV26,5138,+7,0.0,71.0,0.0
2026-03-17,GOLD,RET,NOV26,5138,+7,0,0,0
2026-03-17,GOLD,ALL,DEC26,5157,+6,1052.1399999999999,14855.869999999999,80.42
2026-03-17,GOLD,RET,DEC26,5157,+6,13.14,433.87,3.4200000000000004
2026-03-17,GOLD,ALL,JAN27,5176,+6,0.0,70.0,0.0
2026-03-17,GOLD,RET,JAN27,5176,+6,0,0,0
2026-03-17,GOLD,ALL,FEB27,5193,+6,74.4,372.2,8.9
2026-03-17,GOLD,RET,FEB27,5193,+6,2.4000000000000004,26.200000000000003,-0.1
2026-03-17,GOLD,ALL,MAR27,5209,+6,0.0,4.0,0.0
2026-03-17,GOLD,RET,MAR27,5209,+6,0,0,0
2026-03-17,GOLD,ALL,APR27,5226,+6,18.0,386.0,4.0
2026-03-17,GOLD,RET,APR27,5226,+6,0.0,7.0,0.0
2026-03-17,GOLD,ALL,MAY27,5244,+6,0.0,2.0,0.0
2026-03-17,GOLD,RET,MAY27,5244,+6,0,0,0
2026-03-17,GOLD,ALL,JUN27,5260,+6,7.3,217.9,0.0
2026-03-17,GOLD,RET,JUN27,5260,+6,0.30000000000000004,3.9000000000000004,0.0
2026-03-17,GOLD,ALL,JUL27,5276,+6,0.0,2.0,0.0
2026-03-17,GOLD,RET,JUL27,5276,+6,0,0,0
2026-03-17,GOLD,ALL,AUG27,5293,+6,5.0,52.3,2.0
2026-03-17,GOLD,RET,AUG27,5293,+6,0.0,2.3000000000000003,0.0
2026-03-17,GOLD,ALL,SEP27,5307,+6,0.0,4.0,0.0
2026-03-17,GOLD,RET,SEP27,5307,+6,0,0,0
2026-03-17,GOLD,ALL,OCT27,5324,+6,4.0,16.0,0.0
2026-03-17,GOLD,RET,OCT27,5324,+6,0.0,2.0,0.0
2026-03-17,GOLD,ALL,NOV27,5338,+6,0.0,8.0,0.0
2026-03-17,GOLD,RET,NOV27,5338,+6,0,0,0
2026-03-17,GOLD,ALL,DEC27,5355,+6,11.0,299.0,5.0
2026-03-17,GOLD,RET,DEC27,5355,+6,0.0,7.0,0.0
2026-03-17,GOLD,ALL,JAN28,5370,+6,0.0,4.0,0.0
2026-03-17,GOLD,RET,JAN28,5370,+6,0,0,0
2026-03-17,GOLD,ALL,FEB28,5386,+6,2.0,6.0,1.0
2026-03-17,GOLD,RET,FEB28,5386,+6,0,0,0
2026-03-17,GOLD,ALL,MAR28,5402,+6,0.0,2.0,0.0
2026-03-17,GOLD,RET,MAR28,5402,+6,0,0,0
2026-03-17,GOLD,ALL,APR28,5417,+6,0.0,4.0,0.0
2026-03-17,GOLD,RET,APR28,5417,+6,0,0,0
2026-03-17,GOLD,ALL,JUN28,5447,+6,0.0,37.0,0.0
2026-03-17,GOLD,RET,JUN28,5447,+6,0,0,0
2026-03-17,GOLD,ALL,DEC28,5536,+6,0.0,79.0,0.0
2026-03-17,GOLD,RET,DEC28,5536,+6,0,0,0
2026-03-17,GOLD,ALL,JUN29,5627,+6,1.0,60.0,-1.0
2026-03-17,GOLD,RET,JUN29,5627,+6,0,0,0
2026-03-17,GOLD,ALL,DEC29,5833,+6,0.0,1.0,0.0
2026-03-17,GOLD,RET,DEC29,5833,+6,0,0,0
2026-03-17,SILVER,ALL,MAR26,79.53,-0.73,249.2,790.4000000000001,14.2
2026-03-17,SILVER,RET,MAR26,79.53,-0.73,1.2000000000000002,296.40000000000003,-0.8
2026-03-17,SILVER,ALL,APR26,79.65,-0.75,686.2,2203.0,-12.8
2026-03-17,SILVER,RET,APR26,79.65,-0.75,89.2,300.0,4.2
2026-03-17,SILVER,ALL,MAY26,79.92,-0.76,44591.24,79677.54,20.160000000000025
2026-03-17,SILVER,RET,MAY26,79.92,-0.76,16513.24,3512.54,199.16000000000003
2026-03-17,SILVER,ALL,JUN26,80.21,-0.76,222.0,399.0,1.0
2026-03-17,SILVER,RET,JUN26,80.21,-0.76,0,0,0
2026-03-17,SILVER,ALL,JUL26,80.51,-0.76,3156.82,20832.64,314.5
2026-03-17,SILVER,RET,JUL26,80.51,-0.76,288.82000000000005,418.64,1.5
2026-03-17,SILVER,ALL,AUG26,80.81,-0.76,0.0,97.0,0.0
2026-03-17,SILVER,RET,AUG26,80.81,-0.76,0,0,0
2026-03-17,SILVER,ALL,SEP26,81.08,-0.76,431.36,7086.56,99.96000000000001
2026-03-17,SILVER,RET,SEP26,81.08,-0.76,17.36,75.56,4.960000000000001
2026-03-17,SILVER,ALL,OCT26,81.32,-0.76,1.0,33.0,1.0
2026-03-17,SILVER,RET,OCT26,81.32,-0.76,0,0,0
2026-03-17,SILVER,ALL,NOV26,81.59,-0.76,0.0,54.0,0.0
2026-03-17,SILVER,RET,NOV26,81.59,-0.76,0,0,0
2026-03-17,SILVER,ALL,DEC26,81.80,-0.75,225.3,7209.72,30.3
2026-03-17,SILVER,RET,DEC26,81.80,-0.75,8.3,59.72,0.30000000000000004
2026-03-17,SILVER,ALL,JAN27,82.06,-0.75,2.0,43.4,1.0
2026-03-17,SILVER,RET,JAN27,82.06,-0.75,1.0,9.4,0.0
2026-03-17,SILVER,ALL,FEB27,82.30,-0.75,0.0,10.0,0.0
2026-03-17,SILVER,RET,FEB27,82.30,-0.75,0,0,0
2026-03-17,SILVER,ALL,MAR27,82.51,-0.75,11.0,636.0,5.0
2026-03-17,SILVER,RET,MAR27,82.51,-0.75,0.0,6.0,0.0
2026-03-17,SILVER,ALL,APR27,82.75,-0.76,0.0,2.0,0.0
2026-03-17,SILVER,RET,APR27,82.75,-0.76,0,0,0
2026-03-17,SILVER,ALL,MAY27,83.01,-0.76,0.0,194.0,0.0
2026-03-17,SILVER,RET,MAY27,83.01,-0.76,0.0,2.0,0.0
2026-03-17,SILVER,ALL,JUN27,83.24,-0.76,0.0,1.0,0.0
2026-03-17,SILVER,RET,JUN27,83.24,-0.76,0,0,0
2026-03-17,SILVER,ALL,JUL27,83.49,-0.76,0.0,76.5,0.0
2026-03-17,SILVER,RET,JUL27,83.49,-0.76,0.0,0.5,0.0
2026-03-17,SILVER,ALL,SEP27,83.99,-0.76,1.0,31.0,0.0
2026-03-17,SILVER,RET,SEP27,83.99,-0.76,0,0,0
2026-03-17,SILVER,ALL,DEC27,84.69,-0.76,1.0,76.0,0.0
2026-03-17,SILVER,RET,DEC27,84.69,-0.76,0,0,0
2026-03-17,SILVER,ALL,MAR28,85.32,-0.76,0.0,2.0,0.0
2026-03-17,SILVER,RET,MAR28,85.32,-0.76,0,0,0
2026-03-17,SILVER,ALL,JUL28,86.26,-0.76,0.0,11.0,0.0
2026-03-17,SILVER,RET,JUL28,86.26,-0.76,0,0,0
2026-03-17,SILVER,ALL,DEC28,87.31,-0.76,0.0,57.0,0.0
2026-03-17,SILVER,RET,DEC28,87.31,-0.76,0,0,0
2026-03-17,PLATINUM,ALL,MAR26,2132,+42,0.0,200.0,0.0
2026-03-17,PLATINUM,RET,MAR26,2132,+42,0,0,0
2026-03-17,PLATINUM,ALL,APR26,2136,+42,17379.0,31288.0,-1715.0
2026-03-17,PLATINUM,RET,APR26,2136,+42,0,0,0
2026-03-17,PLATINUM,ALL,MAY26,2145,+41,80.0,43.0,-1.0
2026-03-17,PLATINUM,RET,MAY26,2145,+41,0,0,0
2026-03-17,PLATINUM,ALL,JUL26,2162,+45,5249.0,27512.0,1734.0
2026-03-17,PLATINUM,RET,JUL26,2162,+45,0,0,0
2026-03-17,PLATINUM,ALL,OCT26,2177,+46,356.0,6546.0,161.0
2026-03-17,PLATINUM,RET,OCT26,2177,+46,0,0,0
2026-03-17,PLATINUM,ALL,JAN27,2184,+48,126.0,1031.0,-16.0
2026-03-17,PLATINUM,RET,JAN27,2184,+48,0,0,0
2026-03-17,PLATINUM,ALL,APR27,2190,+49,50.0,490.0,22.0
2026-03-17,PLATINUM,RET,APR27,2190,+49,0,0,0
2026-03-17,PLATINUM,ALL,JUL27,2194,+49,3.0,84.0,1.0
2026-03-17,PLATINUM,RET,JUL27,2194,+49,0,0,0
2026-03-17,PLATINUM,ALL,OCT27,2200,+48,0.0,46.0,0.0
2026-03-17,PLATINUM,RET,OCT27,2200,+48,0,0,0
2026-03-17,PLATINUM,ALL,JAN28,2209,+48,2.0,10.0,1.0
2026-03-17,PLATINUM,RET,JAN28,2209,+48,0,0,0
2026-03-17,PLATINUM,ALL,APR28,2220,+48,2.0,10.0,1.0
2026-03-17,PLATINUM,RET,APR28,2220,+48,0,0,0
2026-03-17,PLATINUM,ALL,JUL28,2232,+48,0.0,27.0,0.0
2026-03-17,PLATINUM,RET,JUL28,2232,+48,0,0,0
2026-03-17,PLATINUM,ALL,OCT28,2243,+48,0.0,1.0,0.0
2026-03-17,PLATINUM,RET,OCT28,2243,+48,0,0,0
2026-03-17,COPPER,ALL,MAR26,5.726,-0.064,703.0,1998.0,166.0
2026-03-17,COPPER,RET,MAR26,5.726,-0.064,0,0,0
2026-03-17,COPPER,ALL,APR26,5.738,-0.065,898.2,9127.8,-291.2
2026-03-17,COPPER,RET,APR26,5.738,-0.065,25.200000000000003,114.8,-7.2
2026-03-17,COPPER,ALL,MAY26,5.767,-0.065,30563.4,115222.6,-521.9
2026-03-17,COPPER,RET,MAY26,5.767,-0.065,1272.4,1195.6000000000001,34.1
2026-03-17,COPPER,ALL,JUN26,5.795,-0.065,307.2,3873.8,-35.5
2026-03-17,COPPER,RET,JUN26,5.795,-0.065,3.2,32.8,0.5
2026-03-17,COPPER,ALL,JUL26,5.824,-0.065,5078.2,48738.1,-128.5
2026-03-17,COPPER,RET,JUL26,5.824,-0.065,50.2,78.10000000000001,2.5
2026-03-17,COPPER,ALL,AUG26,5.854,-0.065,19.0,1974.0,-5.0
2026-03-17,COPPER,RET,AUG26,5.854,-0.065,0,0,0
2026-03-17,COPPER,ALL,SEP26,5.883,-0.065,2355.2,24880.1,-82.2
2026-03-17,COPPER,RET,SEP26,5.883,-0.065,2.2,13.100000000000001,0.8
2026-03-17,COPPER,ALL,OCT26,5.912,-0.065,21.0,1167.0,-2.0
2026-03-17,COPPER,RET,OCT26,5.912,-0.065,0,0,0
2026-03-17,COPPER,ALL,NOV26,5.940,-0.065,10.0,1058.3,-1.0
2026-03-17,COPPER,RET,NOV26,5.940,-0.065,0.0,0.30000000000000004,0.0
2026-03-17,COPPER,ALL,DEC26,5.965,-0.065,480.0,20051.5,8.0
2026-03-17,COPPER,RET,DEC26,5.965,-0.065,0.0,12.5,0.0
2026-03-17,COPPER,ALL,JAN27,5.994,-0.065,10.0,557.0,-3.0
2026-03-17,COPPER,RET,JAN27,5.994,-0.065,0,0,0
2026-03-17,COPPER,ALL,FEB27,6.018,-0.065,0.0,120.9,0.0
2026-03-17,COPPER,RET,FEB27,6.018,-0.065,0.0,0.9,0.0
2026-03-17,COPPER,ALL,MAR27,6.038,-0.066,19.0,1896.0,0.0
2026-03-17,COPPER,RET,MAR27,6.038,-0.066,0,0,0
2026-03-17,COPPER,ALL,APR27,6.062,-0.066,2.0,34.0,1.0
2026-03-17,COPPER,RET,APR27,6.062,-0.066,0,0,0
2026-03-17,COPPER,ALL,MAY27,6.081,-0.066,7.0,589.0,0.0
2026-03-17,COPPER,RET,MAY27,6.081,-0.066,0,0,0
2026-03-17,COPPER,ALL,JUN27,6.101,-0.066,0.0,21.0,0.0
2026-03-17,COPPER,RET,JUN27,6.101,-0.066,0,0,0
2026-03-17,COPPER,ALL,JUL27,6.122,-0.066,6.0,292.0,1.0
2026-03-17,COPPER,RET,JUL27,6.122,-0.066,0,0,0
2026-03-17,COPPER,ALL,AUG27,6.143,-0.065,0.0,14.0,0.0
2026-03-17,COPPER,RET,AUG27,6.143,-0.065,0,0,0
2026-03-17,COPPER,ALL,SEP27,6.161,-0.064,8.0,213.0,0.0
2026-03-17,COPPER,RET,SEP27,6.161,-0.064,0,0,0
2026-03-17,COPPER,ALL,OCT27,6.182,-0.064,0.0,5.0,0.0
2026-03-17,COPPER,RET,OCT27,6.182,-0.064,0,0,0
2026-03-17,COPPER,ALL,NOV27,6.197,-0.064,0.0,2.0,0.0
2026-03-17,COPPER,RET,NOV27,6.197,-0.064,0,0,0
2026-03-17,COPPER,ALL,DEC27,6.213,-0.064,6.0,816.0,2.0
2026-03-17,COPPER,RET,DEC27,6.213,-0.064,0,0,0
2026-03-17,COPPER,ALL,MAR28,6.268,-0.065,2.0,126.0,0.0
2026-03-17,COPPER,RET,MAR28,6.268,-0.065,0,0,0
2026-03-17,COPPER,ALL,MAY28,6.306,-0.065,0.0,72.0,0.0
2026-03-17,COPPER,RET,MAY28,6.306,-0.065,0,0,0
2026-03-17,COPPER,ALL,JUL28,6.347,-0.065,0.0,48.0,0.0
2026-03-17,COPPER,RET,JUL28,6.347,-0.065,0,0,0
2026-03-17,COPPER,ALL,SEP28,6.387,-0.065,0.0,7.0,0.0
2026-03-17,COPPER,RET,SEP28,6.387,-0.065,0,0,0
2026-03-17,COPPER,ALL,DEC28,6.442,-0.065,0.0,19.0,0.0
2026-03-17,COPPER,RET,DEC28,6.442,-0.065,0,0,0
2026-03-17,COPPER,ALL,MAR29,6.485,-0.065,0.0,8.0,0.0
2026-03-17,COPPER,RET,MAR29,6.485,-0.065,0,0,0
2026-03-17,GOLD,OPT,MAR26,10.33,-,10986.5,-14207.0,1468.6999999999998
2026-03-17,GOLD,OPT,APR26,1.17,-,13214.2,14951.100000000006,-1896.8
2026-03-17,GOLD,OPT,MAY26,0.60,-,6619.0,15511.099999999999,544.0
2026-03-17,GOLD,OPT,JUN26,0.42,-,7244.1,48590.2,947.1
2026-03-17,GOLD,OPT,JUL26,0.36,-,1241.0,15657.8,514.0
2026-03-17,GOLD,OPT,AUG26,0.49,-,951.0,13102.0,343.0
2026-03-17,GOLD,OPT,SEP26,28.50,-,236.0,5390.0,200.0
2026-03-17,GOLD,OPT,OCT26,2.50,-,28.0,11123.0,9.0
2026-03-17,GOLD,OPT,NOV26,0.30,-,13.0,372.0,6.0
2026-03-17,GOLD,OPT,DEC26,0.01,-,869.0,51661.0,100.0
2026-03-17,GOLD,OPT,JAN27,0.00,-,1.0,3891.0,-1.0
2026-03-17,SILVER,OPT,MAR26,22.79,-,666.0,-529.0,118.0
2026-03-17,SILVER,OPT,APR26,0.50,-,1574.0,851.0,62.0
2026-03-17,SILVER,OPT,MAY26,0.63,-,989.0,2580.0,-8.0
2026-03-17,SILVER,OPT,JUN26,0.24,-,439.0,2294.0,52.0
2026-03-17,SILVER,OPT,JUL26,0.25,-,161.0,6283.0,-6.0
2026-03-17,SILVER,OPT,AUG26,5.00,-,36.0,-287.0,-27.0
2026-03-17,SILVER,OPT,SEP26,0.00,-,51.0,133.0,41.0
2026-03-17,SILVER,OPT,NOV26,1.00,-,4.0,-73.0,0.0
2026-03-17,SILVER,OPT,DEC26,0.15,-,84.0,4294.0,38.0
2026-03-17,COPPER,OPT,MAR26,33.38,-,275.0,-888.0,84.0
2026-03-17,COPPER,OPT,APR26,4.88,-,2281.0,4907.0,-784.0
2026-03-17,COPPER,OPT,MAY26,1.12,-,1974.0,14429.0,78.0
2026-03-17,COPPER,OPT,JUN26,2.88,-,155.0,3550.0,-47.0
2026-03-17,COPPER,OPT,JUL26,0.37,-,426.0,-4028.0,237.0
2026-03-17,COPPER,OPT,SEP26,0.10,-,110.0,-947.0,98.0
2026-03-17,COPPER,OPT,DEC26,0.00,-,1.0,2205.0,1.0
2026-03-17,PLATINUM,OPT,MAR26,0.00,-,129.0,-402.0,-129.0
2026-03-17,PLATINUM,OPT,APR26,1.11,-,315.0,4831.0,-225.0
2026-03-17,PLATINUM,OPT,MAY26,0.29,-,360.0,-118.0,76.0
2026-03-17,PLATINUM,OPT,JUN26,0.50,-,54.0,113.0,18.0
2026-03-17,PLATINUM,OPT,JUL26,1.82,-,31.0,2294.0,-19.0
2026-03-17,PLATINUM,OPT,SEP26,0.00,-,25.0,-125.0,25.0
2026-03-18,GOLD,ALL,MAR26,4890,-111,1461.0,2363.0,1390.0
2026-03-18,GOLD,RET,MAR26,4890,-111,0,0,0
2026-03-18,GOLD,ALL,APR26,4896,-112,270636.51,182664.82,-10608.769999999999
2026-03-18,GOLD,RET,APR26,4896,-112,53320.51,6525.820000000001,438.23
2026-03-18,GOLD,ALL,MAY26,4914,-113,1154.0,964.0,43.0
2026-03-18,GOLD,RET,MAY26,4914,-113,0,0,0
2026-03-18,GOLD,ALL,JUN26,4933,-113,49388.91,161131.41,8621.31
2026-03-18,GOLD,RET,JUN26,4933,-113,1800.91,2663.41,150.31
2026-03-18,GOLD,ALL,JUL26,4952,-113,553.0,171.0,7.0
2026-03-18,GOLD,RET,JUL26,4952,-113,0,0,0
2026-03-18,GOLD,ALL,AUG26,4971,-113,7695.12,53232.82,1241.76
2026-03-18,GOLD,RET,AUG26,4971,-113,203.12,1468.82,-3.240000000000001
2026-03-18,GOLD,ALL,SEP26,4989,-114,38.0,169.0,6.0
2026-03-18,GOLD,RET,SEP26,4989,-114,0,0,0
2026-03-18,GOLD,ALL,OCT26,5006,-114,858.52,5831.17,144.11
2026-03-18,GOLD,RET,OCT26,5006,-114,39.52,300.17,7.11
2026-03-18,GOLD,ALL,NOV26,5024,-114,0.0,71.0,0.0
2026-03-18,GOLD,RET,NOV26,5024,-114,0,0,0
2026-03-18,GOLD,ALL,DEC26,5042,-115,1908.0400000000002,15196.51,340.64000000000004
2026-03-18,GOLD,RET,DEC26,5042,-115,45.040000000000006,438.51,4.640000000000001
2026-03-18,GOLD,ALL,JAN27,5061,-115,2.0,71.0,1.0
2026-03-18,GOLD,RET,JAN27,5061,-115,0,0,0
2026-03-18,GOLD,ALL,FEB27,5077,-115,113.9,373.6,1.4000000000000001
2026-03-18,GOLD,RET,FEB27,5077,-115,9.9,27.6,1.4000000000000001
2026-03-18,GOLD,ALL,MAR27,5094,-116,2.0,4.0,0.0
2026-03-18,GOLD,RET,MAR27,5094,-116,0,0,0
2026-03-18,GOLD,ALL,APR27,5111,-116,33.7,387.8,1.8
2026-03-18,GOLD,RET,APR27,5111,-116,1.7000000000000002,6.800000000000001,-0.2
2026-03-18,GOLD,ALL,MAY27,5128,-116,0.0,2.0,0.0
2026-03-18,GOLD,RET,MAY27,5128,-116,0,0,0
2026-03-18,GOLD,ALL,JUN27,5144,-116,43.0,245.4,27.5
2026-03-18,GOLD,RET,JUN27,5144,-116,1.0,4.4,0.5
2026-03-18,GOLD,ALL,JUL27,5160,-116,0.0,2.0,0.0
2026-03-18,GOLD,RET,JUL27,5160,-116,0,0,0
2026-03-18,GOLD,ALL,AUG27,5177,-116,14.0,51.3,-1.0
2026-03-18,GOLD,RET,AUG27,5177,-116,0.0,2.3000000000000003,0.0
2026-03-18,GOLD,ALL,SEP27,5191,-116,0.0,4.0,0.0
2026-03-18,GOLD,RET,SEP27,5191,-116,0,0,0
2026-03-18,GOLD,ALL,OCT27,5208,-116,4.5,16.1,0.1
2026-03-18,GOLD,RET,OCT27,5208,-116,0.5,2.1,0.1
2026-03-18,GOLD,ALL,NOV27,5222,-117,0.0,8.0,0.0
2026-03-18,GOLD,RET,NOV27,5222,-117,0,0,0
2026-03-18,GOLD,ALL,DEC27,5238,-117,7.3,298.9,-0.1
2026-03-18,GOLD,RET,DEC27,5238,-117,0.30000000000000004,6.9,-0.1
2026-03-18,GOLD,ALL,JAN28,5252,-117,0.0,4.0,0.0
2026-03-18,GOLD,RET,JAN28,5252,-117,0,0,0
2026-03-18,GOLD,ALL,FEB28,5268,-117,5.0,6.0,0.0
2026-03-18,GOLD,RET,FEB28,5268,-117,0,0,0
2026-03-18,GOLD,ALL,MAR28,5284,-118,0.0,2.0,0.0
2026-03-18,GOLD,RET,MAR28,5284,-118,0,0,0
2026-03-18,GOLD,ALL,APR28,5299,-118,2.0,4.0,0.0
2026-03-18,GOLD,RET,APR28,5299,-118,0,0,0
2026-03-18,GOLD,ALL,JUN28,5328,-119,3.0,36.0,-1.0
2026-03-18,GOLD,RET,JUN28,5328,-119,0,0,0
2026-03-18,GOLD,ALL,DEC28,5417,-119,5.0,76.0,-3.0
2026-03-18,GOLD,RET,DEC28,5417,-119,0,0,0
2026-03-18,GOLD,ALL,JUN29,5506,-120,6.0,60.0,0.0
2026-03-18,GOLD,RET,JUN29,5506,-120,0,0,0
2026-03-18,GOLD,ALL,DEC29,5712,-120,0.0,1.0,0.0
2026-03-18,GOLD,RET,DEC29,5712,-120,0,0,0
2026-03-18,SILVER,ALL,MAR26,77.24,-2.29,344.0,761.8,-28.6
2026-03-18,SILVER,RET,MAR26,77.24,-2.29,4.0,284.8,-11.600000000000001
2026-03-18,SILVER,ALL,APR26,77.33,-2.32,1154.8,2366.4,163.4
2026-03-18,SILVER,RET,APR26,77.33,-2.32,161.8,309.40000000000003,9.4
2026-03-18,SILVER,ALL,MAY26,77.59,-2.33,68852.08,78026.38,-1567.16
2026-03-18,SILVER,RET,MAY26,77.59,-2.33,20355.079999999998,3600.38,87.84
2026-03-18,SILVER,ALL,JUN26,77.87,-2.34,402.0,406.0,7.0
2026-03-18,SILVER,RET,JUN26,77.87,-2.34,0,0,0
2026-03-18,SILVER,ALL,JUL26,78.16,-2.35,5889.88,21199.579999999998,366.94
2026-03-18,SILVER,RET,JUL26,78.16,-2.35,558.88,500.58000000000004,81.94
2026-03-18,SILVER,ALL,AUG26,78.45,-2.36,7.0,94.0,-3.0
2026-03-18,SILVER,RET,AUG26,78.45,-2.36,0,0,0
2026-03-18,SILVER,ALL,SEP26,78.71,-2.37,1238.5,7172.64,86.08
2026-03-18,SILVER,RET,SEP26,78.71,-2.37,26.5,74.64,-0.9199999999999999
2026-03-18,SILVER,ALL,OCT26,78.95,-2.37,2.0,33.0,0.0
2026-03-18,SILVER,RET,OCT26,78.95,-2.37,0,0,0
2026-03-18,SILVER,ALL,NOV26,79.22,-2.37,0.0,54.0,0.0
2026-03-18,SILVER,RET,NOV26,79.22,-2.37,0,0,0
2026-03-18,SILVER,ALL,DEC26,79.43,-2.37,601.12,7116.14,-93.58
2026-03-18,SILVER,RET,DEC26,79.43,-2.37,13.120000000000001,60.14,0.42000000000000004
2026-03-18,SILVER,ALL,JAN27,79.70,-2.36,6.800000000000001,47.0,3.6
2026-03-18,SILVER,RET,JAN27,79.70,-2.36,2.8000000000000003,10.0,0.6000000000000001
2026-03-18,SILVER,ALL,FEB27,79.93,-2.37,0.0,10.0,0.0
2026-03-18,SILVER,RET,FEB27,79.93,-2.37,0,0,0
2026-03-18,SILVER,ALL,MAR27,80.14,-2.38,35.0,633.0,-3.0
2026-03-18,SILVER,RET,MAR27,80.14,-2.38,0.0,6.0,0.0
2026-03-18,SILVER,ALL,APR27,80.37,-2.38,0.0,2.0,0.0
2026-03-18,SILVER,RET,APR27,80.37,-2.38,0,0,0
2026-03-18,SILVER,ALL,MAY27,80.62,-2.39,13.0,200.0,6.0
2026-03-18,SILVER,RET,MAY27,80.62,-2.39,0.0,2.0,0.0
2026-03-18,SILVER,ALL,JUN27,80.85,-2.39,0.0,1.0,0.0
2026-03-18,SILVER,RET,JUN27,80.85,-2.39,0,0,0
2026-03-18,SILVER,ALL,JUL27,81.08,-2.41,6.0,80.5,4.0
2026-03-18,SILVER,RET,JUL27,81.08,-2.41,0.0,0.5,0.0
2026-03-18,SILVER,ALL,SEP27,81.58,-2.41,2.0,31.0,0.0
2026-03-18,SILVER,RET,SEP27,81.58,-2.41,0,0,0
2026-03-18,SILVER,ALL,DEC27,82.28,-2.41,3.0,74.0,-2.0
2026-03-18,SILVER,RET,DEC27,82.28,-2.41,0,0,0
2026-03-18,SILVER,ALL,MAR28,82.91,-2.41,0.0,2.0,0.0
2026-03-18,SILVER,RET,MAR28,82.91,-2.41,0,0,0
2026-03-18,SILVER,ALL,JUL28,83.85,-2.41,0.0,11.0,0.0
2026-03-18,SILVER,RET,JUL28,83.85,-2.41,0,0,0
2026-03-18,SILVER,ALL,DEC28,84.90,-2.41,0.0,57.0,0.0
2026-03-18,SILVER,RET,DEC28,84.90,-2.41,0,0,0
2026-03-18,PLATINUM,ALL,MAR26,2052,-80,0.0,200.0,0.0
2026-03-18,PLATINUM,RET,MAR26,2052,-80,0,0,0
2026-03-18,PLATINUM,ALL,APR26,2057,-80,19333.0,29697.0,-1595.0
2026-03-18,PLATINUM,RET,APR26,2057,-80,0,0,0
2026-03-18,PLATINUM,ALL,MAY26,2066,-79,66.0,64.0,21.0
2026-03-18,PLATINUM,RET,MAY26,2066,-79,0,0,0
2026-03-18,PLATINUM,ALL,JUL26,2082,-80,4858.0,29102.0,1590.0
2026-03-18,PLATINUM,RET,JUL26,2082,-80,0,0,0
2026-03-18,PLATINUM,ALL,OCT26,2097,-80,315.0,6439.0,-107.0
2026-03-18,PLATINUM,RET,OCT26,2097,-80,0,0,0
2026-03-18,PLATINUM,ALL,JAN27,2105,-80,177.0,1132.0,101.0
2026-03-18,PLATINUM,RET,JAN27,2105,-80,0,0,0
2026-03-18,PLATINUM,ALL,APR27,2111,-79,18.0,492.0,2.0
2026-03-18,PLATINUM,RET,APR27,2111,-79,0,0,0
2026-03-18,PLATINUM,ALL,JUL27,2116,-78,6.0,82.0,-2.0
2026-03-18,PLATINUM,RET,JUL27,2116,-78,0,0,0
2026-03-18,PLATINUM,ALL,OCT27,2122,-78,9.0,43.0,-3.0
2026-03-18,PLATINUM,RET,OCT27,2122,-78,0,0,0
2026-03-18,PLATINUM,ALL,JAN28,2131,-78,0.0,10.0,0.0
2026-03-18,PLATINUM,RET,JAN28,2131,-78,0,0,0
2026-03-18,PLATINUM,ALL,APR28,2142,-78,0.0,10.0,0.0
2026-03-18,PLATINUM,RET,APR28,2142,-78,0,0,0
2026-03-18,PLATINUM,ALL,JUL28,2154,-78,0.0,27.0,0.0
2026-03-18,PLATINUM,RET,JUL28,2154,-78,0,0,0
2026-03-18,PLATINUM,ALL,OCT28,2165,-78,0.0,1.0,0.0
2026-03-18,PLATINUM,RET,OCT28,2165,-78,0,0,0
2026-03-18,COPPER,ALL,MAR26,5.554,-0.172,1985.0,2824.0,953.0
2026-03-18,COPPER,RET,MAR26,5.554,-0.172,0,0,0
2026-03-18,COPPER,ALL,APR26,5.566,-0.172,2566.4,8547.4,-580.4
2026-03-18,COPPER,RET,APR26,5.566,-0.172,47.400000000000006,113.4,-1.4
2026-03-18,COPPER,ALL,MAY26,5.594,-0.173,65499.8,116309.6,1126.1
2026-03-18,COPPER,RET,MAY26,5.594,-0.173,2142.8,1370.6000000000001,175.10000000000002
2026-03-18,COPPER,ALL,JUN26,5.622,-0.173,711.4,3815.6,-58.2
2026-03-18,COPPER,RET,JUN26,5.622,-0.173,10.4,33.6,0.8
2026-03-18,COPPER,ALL,JUL26,5.651,-0.174,8500.1,47939.2,-799.9
2026-03-18,COPPER,RET,JUL26,5.651,-0.174,120.10000000000001,98.2,20.1
2026-03-18,COPPER,ALL,AUG26,5.680,-0.174,125.3,1998.3,24.3
2026-03-18,COPPER,RET,AUG26,5.680,-0.174,0.30000000000000004,0.30000000000000004,0.30000000000000004
2026-03-18,COPPER,ALL,SEP26,5.708,-0.174,3669.1,24689.8,-190.3
2026-03-18,COPPER,RET,SEP26,5.708,-0.174,4.1000000000000005,13.8,0.7000000000000001
2026-03-18,COPPER,ALL,OCT26,5.737,-0.174,17.0,1168.0,1.0
2026-03-18,COPPER,RET,OCT26,5.737,-0.174,0,0,0
2026-03-18,COPPER,ALL,NOV26,5.766,-0.174,13.0,1065.3,7.0
2026-03-18,COPPER,RET,NOV26,5.766,-0.174,0.0,0.30000000000000004,0.0
2026-03-18,COPPER,ALL,DEC26,5.790,-0.175,1392.1,20131.5,79.0
2026-03-18,COPPER,RET,DEC26,5.790,-0.175,2.1,13.5,1.0
2026-03-18,COPPER,ALL,JAN27,5.819,-0.175,29.0,567.0,10.0
2026-03-18,COPPER,RET,JAN27,5.819,-0.175,0,0,0
2026-03-18,COPPER,ALL,FEB27,5.843,-0.175,2.2,121.0,0.1
2026-03-18,COPPER,RET,FEB27,5.843,-0.175,0.2,1.0,0.1
2026-03-18,COPPER,ALL,MAR27,5.863,-0.175,280.0,1889.0,-7.0
2026-03-18,COPPER,RET,MAR27,5.863,-0.175,0,0,0
2026-03-18,COPPER,ALL,APR27,5.886,-0.176,11.0,38.0,4.0
2026-03-18,COPPER,RET,APR27,5.886,-0.176,0,0,0
2026-03-18,COPPER,ALL,MAY27,5.905,-0.176,157.0,589.0,0.0
2026-03-18,COPPER,RET,MAY27,5.905,-0.176,0,0,0
2026-03-18,COPPER,ALL,JUN27,5.926,-0.175,7.0,21.0,0.0
2026-03-18,COPPER,RET,JUN27,5.926,-0.175,0,0,0
2026-03-18,COPPER,ALL,JUL27,5.946,-0.176,86.0,286.0,-6.0
2026-03-18,COPPER,RET,JUL27,5.946,-0.176,0,0,0
2026-03-18,COPPER,ALL,AUG27,5.966,-0.176,0.0,14.0,0.0
2026-03-18,COPPER,RET,AUG27,5.966,-0.176,0,0,0
2026-03-18,COPPER,ALL,SEP27,5.984,-0.176,92.0,212.0,-1.0
2026-03-18,COPPER,RET,SEP27,5.984,-0.176,0,0,0
2026-03-18,COPPER,ALL,OCT27,6.006,-0.176,0.0,5.0,0.0
2026-03-18,COPPER,RET,OCT27,6.006,-0.176,0,0,0
2026-03-18,COPPER,ALL,NOV27,6.021,-0.176,0.0,2.0,0.0
2026-03-18,COPPER,RET,NOV27,6.021,-0.176,0,0,0
2026-03-18,COPPER,ALL,DEC27,6.037,-0.175,170.0,854.0,38.0
2026-03-18,COPPER,RET,DEC27,6.037,-0.175,0,0,0
2026-03-18,COPPER,ALL,MAR28,6.093,-0.175,84.0,135.0,9.0
2026-03-18,COPPER,RET,MAR28,6.093,-0.175,0,0,0
2026-03-18,COPPER,ALL,MAY28,6.130,-0.176,84.0,71.0,-1.0
2026-03-18,COPPER,RET,MAY28,6.130,-0.176,0,0,0
2026-03-18,COPPER,ALL,JUL28,6.169,-0.178,104.0,105.0,57.0
2026-03-18,COPPER,RET,JUL28,6.169,-0.178,0,0,0
2026-03-18,COPPER,ALL,SEP28,6.208,-0.179,1.0,6.0,-1.0
2026-03-18,COPPER,RET,SEP28,6.208,-0.179,0,0,0
2026-03-18,COPPER,ALL,DEC28,6.263,-0.179,1.0,19.0,0.0
2026-03-18,COPPER,RET,DEC28,6.263,-0.179,0,0,0
2026-03-18,COPPER,ALL,MAR29,6.306,-0.179,0.0,8.0,0.0
2026-03-18,COPPER,RET,MAR29,6.306,-0.179,0,0,0
2026-03-18,GOLD,OPT,MAR26,10.33,-,10986.5,-14226.0,1449.6999999999998
2026-03-18,GOLD,OPT,APR26,1.17,-,13214.2,14716.100000000006,-2131.8
2026-03-18,GOLD,OPT,MAY26,0.60,-,6619.0,15555.099999999999,588.0
2026-03-18,GOLD,OPT,JUN26,0.42,-,7244.1,48590.2,947.1
2026-03-18,GOLD,OPT,JUL26,0.36,-,1241.0,15657.8,514.0
2026-03-18,GOLD,OPT,AUG26,0.49,-,951.0,13102.0,343.0
2026-03-18,GOLD,OPT,SEP26,28.50,-,236.0,5390.0,200.0
2026-03-18,GOLD,OPT,OCT26,2.50,-,28.0,11123.0,9.0
2026-03-18,GOLD,OPT,NOV26,0.30,-,13.0,372.0,6.0
2026-03-18,GOLD,OPT,DEC26,0.01,-,869.0,51661.0,100.0
2026-03-18,GOLD,OPT,JAN27,0.00,-,1.0,3891.0,-1.0
2026-03-18,SILVER,OPT,MAR26,22.79,-,666.0,-529.0,118.0
2026-03-18,SILVER,OPT,APR26,0.50,-,1574.0,848.0,59.0
2026-03-18,SILVER,OPT,MAY26,0.63,-,989.0,2580.0,-8.0
2026-03-18,SILVER,OPT,JUN26,0.24,-,439.0,2294.0,52.0
2026-03-18,SILVER,OPT,JUL26,0.25,-,161.0,6283.0,-6.0
2026-03-18,SILVER,OPT,AUG26,5.00,-,36.0,-287.0,-27.0
2026-03-18,SILVER,OPT,SEP26,0.00,-,51.0,133.0,41.0
2026-03-18,SILVER,OPT,NOV26,1.00,-,4.0,-73.0,0.0
2026-03-18,SILVER,OPT,DEC26,0.15,-,84.0,4294.0,38.0
2026-03-18,COPPER,OPT,MAR26,33.38,-,275.0,-888.0,84.0
2026-03-18,COPPER,OPT,APR26,4.88,-,2281.0,4869.0,-822.0
2026-03-18,COPPER,OPT,MAY26,1.12,-,1974.0,14428.0,77.0
2026-03-18,COPPER,OPT,JUN26,2.88,-,155.0,3550.0,-47.0
2026-03-18,COPPER,OPT,JUL26,0.37,-,426.0,-4028.0,237.0
2026-03-18,COPPER,OPT,SEP26,0.10,-,110.0,-947.0,98.0
2026-03-18,COPPER,OPT,DEC26,0.00,-,1.0,2205.0,1.0
2026-03-18,PLATINUM,OPT,MAR26,0.00,-,129.0,-402.0,-129.0
2026-03-18,PLATINUM,OPT,APR26,1.11,-,315.0,4831.0,-225.0
2026-03-18,PLATINUM,OPT,MAY26,0.29,-,360.0,-118.0,76.0
2026-03-18,PLATINUM,OPT,JUN26,0.50,-,54.0,113.0,18.0
2026-03-18,PLATINUM,OPT,JUL26,1.82,-,31.0,2294.0,-19.0
2026-03-18,PLATINUM,OPT,SEP26,0.00,-,25.0,-125.0,25.0
2026-03-19,GOLD,ALL,MAR26,4601,-289,627.0,1414.0,-949.0
2026-03-19,GOLD,RET,MAR26,4601,-289,0,0,0
2026-03-19,GOLD,ALL,APR26,4606,-290,388077.18,166804.02000000002,-15954.37
2026-03-19,GOLD,RET,APR26,4606,-290,84249.18000000001,6406.02,-114.37
2026-03-19,GOLD,ALL,MAY26,4623,-291,2467.0,932.0,-32.0
2026-03-19,GOLD,RET,MAY26,4623,-291,0,0,0
2026-03-19,GOLD,ALL,JUN26,4640,-292,69480.3,173044.32,11961.71
2026-03-19,GOLD,RET,JUN26,4640,-292,3293.3,2816.32,159.71
2026-03-19,GOLD,ALL,JUL26,4658,-294,1990.0,300.0,129.0
2026-03-19,GOLD,RET,JUL26,4658,-294,0,0,0
2026-03-19,GOLD,ALL,AUG26,4676,-294,16345.27,55158.770000000004,1949.05
2026-03-19,GOLD,RET,AUG26,4676,-294,350.27,1469.77,1.05
2026-03-19,GOLD,ALL,SEP26,4694,-295,68.0,153.0,-16.0
2026-03-19,GOLD,RET,SEP26,4694,-295,0,0,0
2026-03-19,GOLD,ALL,OCT26,4710,-296,2485.9100000000003,5954.86,123.69
2026-03-19,GOLD,RET,OCT26,4710,-296,81.91,302.86,2.69
2026-03-19,GOLD,ALL,NOV26,4728,-296,9.0,70.0,-1.0
2026-03-19,GOLD,RET,NOV26,4728,-296,0,0,0
2026-03-19,GOLD,ALL,DEC26,4745,-296,4614.32,15001.01,-195.70000000000002
2026-03-19,GOLD,RET,DEC26,4745,-296,71.32000000000001,431.01,-7.7
2026-03-19,GOLD,ALL,JAN27,4764,-297,6.0,71.0,0.0
2026-03-19,GOLD,RET,JAN27,4764,-297,0,0,0
2026-03-19,GOLD,ALL,FEB27,4780,-297,648.5,452.7,79.1
2026-03-19,GOLD,RET,FEB27,4780,-297,12.5,27.700000000000003,0.09999999999999998
2026-03-19,GOLD,ALL,MAR27,4796,-297,1.0,4.0,0.0
2026-03-19,GOLD,RET,MAR27,4796,-297,0,0,0
2026-03-19,GOLD,ALL,APR27,4813,-298,306.1,392.7,4.9
2026-03-19,GOLD,RET,APR27,4813,-298,1.1,6.7,-0.1
2026-03-19,GOLD,ALL,MAY27,4830,-298,0.0,2.0,0.0
2026-03-19,GOLD,RET,MAY27,4830,-298,0,0,0
2026-03-19,GOLD,ALL,JUN27,4846,-298,277.2,240.1,-5.3
2026-03-19,GOLD,RET,JUN27,4846,-298,2.2,6.1000000000000005,1.7000000000000002
2026-03-19,GOLD,ALL,JUL27,4862,-298,0.0,2.0,0.0
2026-03-19,GOLD,RET,JUL27,4862,-298,0,0,0
2026-03-19,GOLD,ALL,AUG27,4879,-298,215.3,68.2,16.9
2026-03-19,GOLD,RET,AUG27,4879,-298,1.3,3.2,0.9
2026-03-19,GOLD,ALL,SEP27,4893,-298,0.0,4.0,0.0
2026-03-19,GOLD,RET,SEP27,4893,-298,0,0,0
2026-03-19,GOLD,ALL,OCT27,4910,-298,149.7,15.9,-0.2
2026-03-19,GOLD,RET,OCT27,4910,-298,0.7000000000000001,1.9000000000000001,-0.2
2026-03-19,GOLD,ALL,NOV27,4924,-298,0.0,8.0,0.0
2026-03-19,GOLD,RET,NOV27,4924,-298,0,0,0
2026-03-19,GOLD,ALL,DEC27,4940,-298,238.2,294.6,-4.3
2026-03-19,GOLD,RET,DEC27,4940,-298,1.2000000000000002,6.6000000000000005,-0.30000000000000004
2026-03-19,GOLD,ALL,JAN28,4955,-298,2.0,4.0,0.0
2026-03-19,GOLD,RET,JAN28,4955,-298,0,0,0
2026-03-19,GOLD,ALL,FEB28,4971,-298,21.0,10.0,4.0
2026-03-19,GOLD,RET,FEB28,4971,-298,0,0,0
2026-03-19,GOLD,ALL,MAR28,4986,-298,0.0,2.0,0.0
2026-03-19,GOLD,RET,MAR28,4986,-298,0,0,0
2026-03-19,GOLD,ALL,APR28,5001,-298,2.0,4.0,0.0
2026-03-19,GOLD,RET,APR28,5001,-298,0,0,0
2026-03-19,GOLD,ALL,JUN28,5031,-298,6.0,36.0,0.0
2026-03-19,GOLD,RET,JUN28,5031,-298,0,0,0
2026-03-19,GOLD,ALL,DEC28,5119,-298,4.0,75.0,-1.0
2026-03-19,GOLD,RET,DEC28,5119,-298,0,0,0
2026-03-19,GOLD,ALL,JUN29,5209,-298,3.0,61.0,1.0
2026-03-19,GOLD,RET,JUN29,5209,-298,0,0,0
2026-03-19,GOLD,ALL,DEC29,5415,-298,0.0,1.0,0.0
2026-03-19,GOLD,RET,DEC29,5415,-298,0,0,0
2026-03-19,SILVER,ALL,MAR26,70.90,-6.34,145.4,487.20000000000005,-274.6
2026-03-19,SILVER,RET,MAR26,70.90,-6.34,7.4,234.20000000000002,-50.6
2026-03-19,SILVER,ALL,APR26,70.97,-6.36,1954.0,2281.8,-84.2
2026-03-19,SILVER,RET,APR26,70.97,-6.36,301.0,330.8,21.8
2026-03-19,SILVER,ALL,MAY26,71.22,-6.38,125035.16,77283.73999999999,-729.6400000000001
2026-03-19,SILVER,RET,MAY26,71.22,-6.38,43011.16,3893.7400000000002,293.36
2026-03-19,SILVER,ALL,JUN26,71.47,-6.40,595.0,411.0,5.0
2026-03-19,SILVER,RET,JUN26,71.47,-6.40,0,0,0
2026-03-19,SILVER,ALL,JUL26,71.72,-6.43,9988.54,21791.62,593.64
2026-03-19,SILVER,RET,JUL26,71.72,-6.43,1083.54,657.62,156.64
2026-03-19,SILVER,ALL,AUG26,71.99,-6.46,48.0,93.0,-1.0
2026-03-19,SILVER,RET,AUG26,71.99,-6.46,0,0,0
2026-03-19,SILVER,ALL,SEP26,72.22,-6.49,2075.9,7068.84,-90.8
2026-03-19,SILVER,RET,SEP26,72.22,-6.49,51.900000000000006,72.84,-1.7999999999999998
2026-03-19,SILVER,ALL,OCT26,72.45,-6.50,4.0,36.0,3.0
2026-03-19,SILVER,RET,OCT26,72.45,-6.50,0,0,0
2026-03-19,SILVER,ALL,NOV26,72.70,-6.52,0.0,54.0,0.0
2026-03-19,SILVER,RET,NOV26,72.70,-6.52,0,0,0
2026-03-19,SILVER,ALL,DEC26,72.89,-6.54,1454.76,6703.08,-409.06
2026-03-19,SILVER,RET,DEC26,72.89,-6.54,25.76,60.080000000000005,-0.06
2026-03-19,SILVER,ALL,JAN27,73.16,-6.54,8.0,49.2,2.2
2026-03-19,SILVER,RET,JAN27,73.16,-6.54,4.0,11.2,1.2000000000000002
2026-03-19,SILVER,ALL,FEB27,73.37,-6.56,1.0,9.0,-1.0
2026-03-19,SILVER,RET,FEB27,73.37,-6.56,0,0,0
2026-03-19,SILVER,ALL,MAR27,73.55,-6.59,90.5,647.0,14.0
2026-03-19,SILVER,RET,MAR27,73.55,-6.59,0.5,6.0,0.0
2026-03-19,SILVER,ALL,APR27,73.77,-6.60,0.0,2.0,0.0
2026-03-19,SILVER,RET,APR27,73.77,-6.60,0,0,0
2026-03-19,SILVER,ALL,MAY27,74.00,-6.62,22.0,205.0,5.0
2026-03-19,SILVER,RET,MAY27,74.00,-6.62,0.0,2.0,0.0
2026-03-19,SILVER,ALL,JUN27,74.23,-6.62,0.0,1.0,0.0
2026-03-19,SILVER,RET,JUN27,74.23,-6.62,0,0,0
2026-03-19,SILVER,ALL,JUL27,74.45,-6.63,11.0,79.5,-1.0
2026-03-19,SILVER,RET,JUL27,74.45,-6.63,0.0,0.5,0.0
2026-03-19,SILVER,ALL,SEP27,74.90,-6.68,10.0,35.0,4.0
2026-03-19,SILVER,RET,SEP27,74.90,-6.68,0,0,0
2026-03-19,SILVER,ALL,DEC27,75.55,-6.73,6.0,77.0,3.0
2026-03-19,SILVER,RET,DEC27,75.55,-6.73,0,0,0
2026-03-19,SILVER,ALL,MAR28,76.19,-6.72,0.0,2.0,0.0
2026-03-19,SILVER,RET,MAR28,76.19,-6.72,0,0,0
2026-03-19,SILVER,ALL,JUL28,77.13,-6.73,4.0,10.0,-1.0
2026-03-19,SILVER,RET,JUL28,77.13,-6.73,0,0,0
2026-03-19,SILVER,ALL,DEC28,78.16,-6.74,3.0,57.0,0.0
2026-03-19,SILVER,RET,DEC28,78.16,-6.74,0,0,0
2026-03-19,PLATINUM,ALL,MAR26,1939,-113,25.0,225.0,25.0
2026-03-19,PLATINUM,RET,MAR26,1939,-113,0,0,0
2026-03-19,PLATINUM,ALL,APR26,1944,-113,35361.0,26943.0,-2775.0
2026-03-19,PLATINUM,RET,APR26,1944,-113,0,0,0
2026-03-19,PLATINUM,ALL,MAY26,1952,-114,88.0,46.0,-18.0
2026-03-19,PLATINUM,RET,MAY26,1952,-114,0,0,0
2026-03-19,PLATINUM,ALL,JUL26,1967,-115,11168.0,30329.0,1227.0
2026-03-19,PLATINUM,RET,JUL26,1967,-115,0,0,0
2026-03-19,PLATINUM,ALL,OCT26,1982,-115,373.0,6486.0,47.0
2026-03-19,PLATINUM,RET,OCT26,1982,-115,0,0,0
2026-03-19,PLATINUM,ALL,JAN27,1990,-115,148.0,1148.0,16.0
2026-03-19,PLATINUM,RET,JAN27,1990,-115,0,0,0
2026-03-19,PLATINUM,ALL,APR27,1996,-115,48.0,493.0,1.0
2026-03-19,PLATINUM,RET,APR27,1996,-115,0,0,0
2026-03-19,PLATINUM,ALL,JUL27,2002,-114,24.0,86.0,4.0
2026-03-19,PLATINUM,RET,JUL27,2002,-114,0,0,0
2026-03-19,PLATINUM,ALL,OCT27,2008,-114,21.0,52.0,9.0
2026-03-19,PLATINUM,RET,OCT27,2008,-114,0,0,0
2026-03-19,PLATINUM,ALL,JAN28,2018,-114,18.0,10.0,0.0
2026-03-19,PLATINUM,RET,JAN28,2018,-114,0,0,0
2026-03-19,PLATINUM,ALL,APR28,2029,-113,19.0,14.0,4.0
2026-03-19,PLATINUM,RET,APR28,2029,-113,0,0,0
2026-03-19,PLATINUM,ALL,JUL28,2040,-113,0.0,27.0,0.0
2026-03-19,PLATINUM,RET,JUL28,2040,-113,0,0,0
2026-03-19,PLATINUM,ALL,OCT28,2052,-114,0.0,1.0,0.0
2026-03-19,PLATINUM,RET,OCT28,2052,-114,0,0,0
2026-03-19,COPPER,ALL,MAR26,5.433,-0.121,1355.0,2774.0,63.0
2026-03-19,COPPER,RET,MAR26,5.433,-0.121,0,0,0
2026-03-19,COPPER,ALL,APR26,5.442,-0.123,1635.5,8450.4,-97.0
2026-03-19,COPPER,RET,APR26,5.442,-0.123,52.5,99.4,-14.0
2026-03-19,COPPER,ALL,MAY26,5.469,-0.125,82362.4,110183.2,-6133.4
2026-03-19,COPPER,RET,MAY26,5.469,-0.125,2785.4,1242.2,-128.4
2026-03-19,COPPER,ALL,JUN26,5.497,-0.125,698.9,3715.0,-100.6
2026-03-19,COPPER,RET,JUN26,5.497,-0.125,15.9,34.0,0.4
2026-03-19,COPPER,ALL,JUL26,5.525,-0.126,10319.1,47810.6,-128.6
2026-03-19,COPPER,RET,JUL26,5.525,-0.126,94.10000000000001,95.60000000000001,-2.6
2026-03-19,COPPER,ALL,AUG26,5.554,-0.126,106.0,1948.3,-50.0
2026-03-19,COPPER,RET,AUG26,5.554,-0.126,0.0,0.30000000000000004,0.0
2026-03-19,COPPER,ALL,SEP26,5.582,-0.126,3537.9,24826.0,190.2
2026-03-19,COPPER,RET,SEP26,5.582,-0.126,2.9000000000000004,15.0,1.2000000000000002
2026-03-19,COPPER,ALL,OCT26,5.611,-0.127,100.0,1217.0,49.0
2026-03-19,COPPER,RET,OCT26,5.611,-0.127,0,0,0
2026-03-19,COPPER,ALL,NOV26,5.639,-0.127,57.3,1091.4,26.1
2026-03-19,COPPER,RET,NOV26,5.639,-0.127,0.30000000000000004,0.4,0.1
2026-03-19,COPPER,ALL,DEC26,5.664,-0.126,1555.1,20197.5,66.0
2026-03-19,COPPER,RET,DEC26,5.664,-0.126,3.1,13.5,0.0
2026-03-19,COPPER,ALL,JAN27,5.692,-0.126,34.0,573.0,6.0
2026-03-19,COPPER,RET,JAN27,5.692,-0.126,0,0,0
2026-03-19,COPPER,ALL,FEB27,5.717,-0.126,4.0,121.0,0.0
2026-03-19,COPPER,RET,FEB27,5.717,-0.126,0.0,1.0,0.0
2026-03-19,COPPER,ALL,MAR27,5.738,-0.125,318.0,2001.0,112.0
2026-03-19,COPPER,RET,MAR27,5.738,-0.125,0,0,0
2026-03-19,COPPER,ALL,APR27,5.761,-0.124,6.0,39.0,1.0
2026-03-19,COPPER,RET,APR27,5.761,-0.124,0,0,0
2026-03-19,COPPER,ALL,MAY27,5.781,-0.124,122.0,590.0,1.0
2026-03-19,COPPER,RET,MAY27,5.781,-0.124,0,0,0
2026-03-19,COPPER,ALL,JUN27,5.802,-0.124,5.0,25.0,4.0
2026-03-19,COPPER,RET,JUN27,5.802,-0.124,0,0,0
2026-03-19,COPPER,ALL,JUL27,5.822,-0.124,108.0,287.0,1.0
2026-03-19,COPPER,RET,JUL27,5.822,-0.124,0,0,0
2026-03-19,COPPER,ALL,AUG27,5.843,-0.124,3.0,14.0,0.0
2026-03-19,COPPER,RET,AUG27,5.843,-0.124,0,0,0
2026-03-19,COPPER,ALL,SEP27,5.861,-0.124,106.0,213.0,1.0
2026-03-19,COPPER,RET,SEP27,5.861,-0.124,0,0,0
2026-03-19,COPPER,ALL,OCT27,5.883,-0.123,5.0,8.0,3.0
2026-03-19,COPPER,RET,OCT27,5.883,-0.123,0,0,0
2026-03-19,COPPER,ALL,NOV27,5.897,-0.123,0.0,2.0,0.0
2026-03-19,COPPER,RET,NOV27,5.897,-0.123,0,0,0
2026-03-19,COPPER,ALL,DEC27,5.914,-0.123,100.0,881.0,27.0
2026-03-19,COPPER,RET,DEC27,5.914,-0.123,0,0,0
2026-03-19,COPPER,ALL,MAR28,5.970,-0.122,29.0,136.0,1.0
2026-03-19,COPPER,RET,MAR28,5.970,-0.122,0,0,0
2026-03-19,COPPER,ALL,MAY28,6.006,-0.123,26.0,71.0,0.0
2026-03-19,COPPER,RET,MAY28,6.006,-0.123,0,0,0
2026-03-19,COPPER,ALL,JUL28,6.045,-0.124,28.0,118.0,13.0
2026-03-19,COPPER,RET,JUL28,6.045,-0.124,0,0,0
2026-03-19,COPPER,ALL,SEP28,6.081,-0.127,3.0,7.0,1.0
2026-03-19,COPPER,RET,SEP28,6.081,-0.127,0,0,0
2026-03-19,COPPER,ALL,DEC28,6.136,-0.128,3.0,20.0,1.0
2026-03-19,COPPER,RET,DEC28,6.136,-0.128,0,0,0
2026-03-19,COPPER,ALL,MAR29,6.178,-0.128,1.0,9.0,1.0
2026-03-19,COPPER,RET,MAR29,6.178,-0.128,0,0,0
2026-03-19,GOLD,OPT,MAR26,1.89,-,23202.0,-7046.6,7138.0
2026-03-19,GOLD,OPT,APR26,2.17,-,57794.7,12869.0,-1766.8
2026-03-19,GOLD,OPT,MAY26,1.63,-,28615.5,19620.4,4130.6
2026-03-19,GOLD,OPT,JUN26,0.58,-,22271.2,53987.100000000006,2557.8
2026-03-19,GOLD,OPT,JUL26,0.53,-,22598.0,27181.8,7815.0
2026-03-19,GOLD,OPT,AUG26,0.29,-,2495.0,13597.0,1170.0
2026-03-19,GOLD,OPT,SEP26,1.21,-,274.0,5392.0,92.0
2026-03-19,GOLD,OPT,OCT26,0.21,-,3015.0,16812.0,-2185.0
2026-03-19,GOLD,OPT,NOV26,0.04,-,205.0,574.0,186.0
2026-03-19,GOLD,OPT,DEC26,0.28,-,5155.0,53575.0,1953.0
2026-03-19,GOLD,OPT,JAN27,0.94,-,211.0,3807.0,7.0
2026-03-19,GOLD,OPT,FEB27,0.00,-,1.0,2296.0,-1.0
2026-03-19,SILVER,OPT,MAR26,1.36,-,555.0,-27.0,356.0
2026-03-19,SILVER,OPT,APR26,1.98,-,6269.0,2224.0,929.0
2026-03-19,SILVER,OPT,MAY26,1.70,-,3537.0,2587.0,104.0
2026-03-19,SILVER,OPT,JUN26,0.98,-,1611.0,2620.0,329.0
2026-03-19,SILVER,OPT,JUL26,0.23,-,1317.0,7123.0,801.0
2026-03-19,SILVER,OPT,AUG26,0.85,-,50.0,-267.0,21.0
2026-03-19,SILVER,OPT,SEP26,0.02,-,86.0,112.0,-22.0
2026-03-19,SILVER,OPT,OCT26,0.30,-,26.0,840.0,-6.0
2026-03-19,SILVER,OPT,NOV26,1.00,-,4.0,-73.0,0.0
2026-03-19,SILVER,OPT,DEC26,15.12,-,129.0,4206.0,-61.0
2026-03-19,SILVER,OPT,JAN27,0.00,-,2.0,807.0,2.0
2026-03-19,SILVER,OPT,DEC27,0.00,-,1.0,1.0,1.0
2026-03-19,COPPER,OPT,MAR26,1.94,-,418.0,-652.0,240.0
2026-03-19,COPPER,OPT,APR26,3.62,-,5481.0,7447.0,2037.0
2026-03-19,COPPER,OPT,MAY26,2.55,-,4931.0,14155.0,15.0
2026-03-19,COPPER,OPT,JUN26,5.32,-,3071.0,1843.0,-1676.0
2026-03-19,COPPER,OPT,JUL26,10.82,-,1926.0,-5835.0,-1639.0
2026-03-19,COPPER,OPT,AUG26,0.71,-,12.0,-133.0,5.0
2026-03-19,COPPER,OPT,SEP26,0.06,-,54.0,-984.0,-40.0
2026-03-19,COPPER,OPT,NOV26,0.00,-,2.0,26.0,-2.0
2026-03-19,COPPER,OPT,DEC26,0.50,-,6.0,2271.0,2.0
2026-03-19,COPPER,OPT,FEB27,0.00,-,2.0,-2.0,-2.0
2026-03-19,PLATINUM,OPT,APR26,0.00,-,6.0,-302.0,-6.0
2026-03-19,PLATINUM,OPT,MAY26,0.53,-,331.0,-1324.0,132.0
2026-03-19,PLATINUM,OPT,JUN26,0.64,-,74.0,242.0,1.0
2026-03-19,PLATINUM,OPT,JUL26,1.58,-,67.0,916.0,-99.0
2026-03-19,PLATINUM,OPT,OCT26,0.00,-,10.0,-13.0,10.0
2026-03-19,PLATINUM,OPT,JAN27,0.00,-,10.0,-13.0,-10.0
2026-03-20,GOLD,ALL,MAR26,4570,-30,235.0,859.0,-555.0
2026-03-20,GOLD,RET,MAR26,4570,-30,0,0,0
2026-03-20,GOLD,ALL,APR26,4575,-31,296503.88,155670.17,-11169.83
2026-03-20,GOLD,RET,APR26,4575,-31,69633.88,6372.170000000001,1.1700000000000017
2026-03-20,GOLD,ALL,MAY26,4592,-31,1773.0,1086.0,154.0
2026-03-20,GOLD,RET,MAY26,4592,-31,0,0,0
2026-03-20,GOLD,ALL,JUN26,4610,-31,50908.57,175144.77,5865.549999999999
2026-03-20,GOLD,RET,JUN26,4610,-31,2893.57,2932.77,119.55000000000001
2026-03-20,GOLD,ALL,JUL26,4627,-31,849.0,327.0,27.0
2026-03-20,GOLD,RET,JUL26,4627,-31,0,0,0
2026-03-20,GOLD,ALL,AUG26,4646,-30,6372.38,55407.56,240.79
2026-03-20,GOLD,RET,AUG26,4646,-30,282.38,1467.56,-2.21
2026-03-20,GOLD,ALL,SEP26,4664,-30,333.0,88.0,-65.0
2026-03-20,GOLD,RET,SEP26,4664,-30,0,0,0
2026-03-20,GOLD,ALL,OCT26,4680,-30,1522.8899999999999,6342.58,387.71999999999997
2026-03-20,GOLD,RET,OCT26,4680,-30,69.89,294.58000000000004,-8.280000000000001
2026-03-20,GOLD,ALL,NOV26,4698,-30,14.0,69.0,-1.0
2026-03-20,GOLD,RET,NOV26,4698,-30,0,0,0
2026-03-20,GOLD,ALL,DEC26,4716,-29,1903.07,15042.34,41.33
2026-03-20,GOLD,RET,DEC26,4716,-29,56.07,429.34000000000003,-1.6700000000000004
2026-03-20,GOLD,ALL,JAN27,4735,-29,3.0,72.0,1.0
2026-03-20,GOLD,RET,JAN27,4735,-29,0,0,0
2026-03-20,GOLD,ALL,FEB27,4752,-29,225.1,509.2,56.5
2026-03-20,GOLD,RET,FEB27,4752,-29,5.1000000000000005,29.200000000000003,1.5
2026-03-20,GOLD,ALL,MAR27,4768,-29,0.0,4.0,0.0
2026-03-20,GOLD,RET,MAR27,4768,-29,0,0,0
2026-03-20,GOLD,ALL,APR27,4785,-28,77.9,396.3,3.6
2026-03-20,GOLD,RET,APR27,4785,-28,0.9,6.300000000000001,-0.4
2026-03-20,GOLD,ALL,MAY27,4802,-28,0.0,2.0,0.0
2026-03-20,GOLD,RET,MAY27,4802,-28,0,0,0
2026-03-20,GOLD,ALL,JUN27,4818,-28,58.2,239.0,-1.1
2026-03-20,GOLD,RET,JUN27,4818,-28,0.2,6.0,-0.1
2026-03-20,GOLD,ALL,JUL27,4835,-28,0.0,2.0,0.0
2026-03-20,GOLD,RET,JUL27,4835,-28,0,0,0
2026-03-20,GOLD,ALL,AUG27,4851,-28,30.2,73.3,5.1
2026-03-20,GOLD,RET,AUG27,4851,-28,0.2,3.3000000000000003,0.1
2026-03-20,GOLD,ALL,SEP27,4865,-28,0.0,4.0,0.0
2026-03-20,GOLD,RET,SEP27,4865,-28,0,0,0
2026-03-20,GOLD,ALL,OCT27,4882,-28,16.5,16.8,0.9
2026-03-20,GOLD,RET,OCT27,4882,-28,0.5,1.8,-0.1
2026-03-20,GOLD,ALL,NOV27,4896,-28,0.0,8.0,0.0
2026-03-20,GOLD,RET,NOV27,4896,-28,0,0,0
2026-03-20,GOLD,ALL,DEC27,4912,-28,35.3,303.3,8.7
2026-03-20,GOLD,RET,DEC27,4912,-28,1.3,6.300000000000001,-0.30000000000000004
2026-03-20,GOLD,ALL,JAN28,4927,-28,0.0,4.0,0.0
2026-03-20,GOLD,RET,JAN28,4927,-28,0,0,0
2026-03-20,GOLD,ALL,FEB28,4943,-28,9.0,9.0,-1.0
2026-03-20,GOLD,RET,FEB28,4943,-28,0,0,0
2026-03-20,GOLD,ALL,MAR28,4959,-28,4.0,4.0,2.0
2026-03-20,GOLD,RET,MAR28,4959,-28,0,0,0
2026-03-20,GOLD,ALL,APR28,4974,-27,10.0,10.0,6.0
2026-03-20,GOLD,RET,APR28,4974,-27,0,0,0
2026-03-20,GOLD,ALL,JUN28,5004,-27,0.0,36.0,0.0
2026-03-20,GOLD,RET,JUN28,5004,-27,0,0,0
2026-03-20,GOLD,ALL,DEC28,5092,-27,0.0,75.0,0.0
2026-03-20,GOLD,RET,DEC28,5092,-27,0,0,0
2026-03-20,GOLD,ALL,JUN29,5182,-27,0.0,61.0,0.0
2026-03-20,GOLD,RET,JUN29,5182,-27,0,0,0
2026-03-20,GOLD,ALL,DEC29,5388,-27,0.0,1.0,0.0
2026-03-20,GOLD,RET,DEC29,5388,-27,0,0,0
2026-03-20,SILVER,ALL,MAR26,69.36,-1.54,46.0,216.2,-271.0
2026-03-20,SILVER,RET,MAR26,69.36,-1.54,1.0,93.2,-141.0
2026-03-20,SILVER,ALL,APR26,69.42,-1.55,992.2,2263.4,-13.2
2026-03-20,SILVER,RET,APR26,69.42,-1.55,177.20000000000002,336.40000000000003,5.800000000000001
2026-03-20,SILVER,ALL,MAY26,69.66,-1.55,81934.34,76582.08,-627.0
2026-03-20,SILVER,RET,MAY26,69.66,-1.55,32026.340000000004,3878.08,-13.0
2026-03-20,SILVER,ALL,JUN26,69.92,-1.54,523.0,429.0,18.0
2026-03-20,SILVER,RET,JUN26,69.92,-1.54,0,0,0
2026-03-20,SILVER,ALL,JUL26,70.18,-1.54,5906.68,22024.98,235.35999999999999
2026-03-20,SILVER,RET,JUL26,70.18,-1.54,572.6800000000001,667.98,10.360000000000001
2026-03-20,SILVER,ALL,AUG26,70.45,-1.54,17.0,93.0,0.0
2026-03-20,SILVER,RET,AUG26,70.45,-1.54,0,0,0
2026-03-20,SILVER,ALL,SEP26,70.71,-1.51,1397.0,7108.24,39.4
2026-03-20,SILVER,RET,SEP26,70.71,-1.51,32.0,74.24000000000001,1.4
2026-03-20,SILVER,ALL,OCT26,70.94,-1.51,4.0,34.0,-2.0
2026-03-20,SILVER,RET,OCT26,70.94,-1.51,0,0,0
2026-03-20,SILVER,ALL,NOV26,71.19,-1.51,10.0,49.0,-5.0
2026-03-20,SILVER,RET,NOV26,71.19,-1.51,0,0,0
2026-03-20,SILVER,ALL,DEC26,71.42,-1.48,840.4,6728.26,27.18
2026-03-20,SILVER,RET,DEC26,71.42,-1.48,18.400000000000002,59.260000000000005,-0.8200000000000002
2026-03-20,SILVER,ALL,JAN27,71.69,-1.47,4.300000000000001,48.4,-0.8
2026-03-20,SILVER,RET,JAN27,71.69,-1.47,3.3000000000000003,11.4,0.2
2026-03-20,SILVER,ALL,FEB27,71.91,-1.46,0.0,9.0,0.0
2026-03-20,SILVER,RET,FEB27,71.91,-1.46,0,0,0
2026-03-20,SILVER,ALL,MAR27,72.10,-1.45,35.0,642.0,-5.0
2026-03-20,SILVER,RET,MAR27,72.10,-1.45,1.0,5.0,-1.0
2026-03-20,SILVER,ALL,APR27,72.32,-1.45,0.0,2.0,0.0
2026-03-20,SILVER,RET,APR27,72.32,-1.45,0,0,0
2026-03-20,SILVER,ALL,MAY27,72.58,-1.43,13.0,211.0,6.0
2026-03-20,SILVER,RET,MAY27,72.58,-1.43,0.0,2.0,0.0
2026-03-20,SILVER,ALL,JUN27,72.80,-1.43,0.0,1.0,0.0
2026-03-20,SILVER,RET,JUN27,72.80,-1.43,0,0,0
2026-03-20,SILVER,ALL,JUL27,73.03,-1.42,1.0,80.5,1.0
2026-03-20,SILVER,RET,JUL27,73.03,-1.42,0.0,0.5,0.0
2026-03-20,SILVER,ALL,SEP27,73.48,-1.42,0.0,35.0,0.0
2026-03-20,SILVER,RET,SEP27,73.48,-1.42,0,0,0
2026-03-20,SILVER,ALL,DEC27,74.13,-1.42,0.0,77.0,0.0
2026-03-20,SILVER,RET,DEC27,74.13,-1.42,0,0,0
2026-03-20,SILVER,ALL,MAR28,74.77,-1.42,0.0,2.0,0.0
2026-03-20,SILVER,RET,MAR28,74.77,-1.42,0,0,0
2026-03-20,SILVER,ALL,JUL28,75.71,-1.42,1.0,11.0,1.0
2026-03-20,SILVER,RET,JUL28,75.71,-1.42,0,0,0
2026-03-20,SILVER,ALL,DEC28,76.74,-1.42,0.0,57.0,0.0
2026-03-20,SILVER,RET,DEC28,76.74,-1.42,0,0,0
2026-03-20,PLATINUM,ALL,MAR26,1971,+31,0.0,200.0,-25.0
2026-03-20,PLATINUM,RET,MAR26,1971,+31,0,0,0
2026-03-20,PLATINUM,ALL,APR26,1970,+27,20170.0,25064.0,-1861.0
2026-03-20,PLATINUM,RET,APR26,1970,+27,0,0,0
2026-03-20,PLATINUM,ALL,MAY26,1979,+27,64.0,59.0,13.0
2026-03-20,PLATINUM,RET,MAY26,1979,+27,0,0,0
2026-03-20,PLATINUM,ALL,JUL26,1994,+27,7178.0,31465.0,1082.0
2026-03-20,PLATINUM,RET,JUL26,1994,+27,0,0,0
2026-03-20,PLATINUM,ALL,OCT26,2008,+26,243.0,6458.0,-28.0
2026-03-20,PLATINUM,RET,OCT26,2008,+26,0,0,0
2026-03-20,PLATINUM,ALL,JAN27,2016,+27,155.0,1233.0,85.0
2026-03-20,PLATINUM,RET,JAN27,2016,+27,0,0,0
2026-03-20,PLATINUM,ALL,APR27,2022,+26,17.0,500.0,7.0
2026-03-20,PLATINUM,RET,APR27,2022,+26,0,0,0
2026-03-20,PLATINUM,ALL,JUL27,2028,+26,5.0,88.0,2.0
2026-03-20,PLATINUM,RET,JUL27,2028,+26,0,0,0
2026-03-20,PLATINUM,ALL,OCT27,2034,+25,0.0,52.0,0.0
2026-03-20,PLATINUM,RET,OCT27,2034,+25,0,0,0
2026-03-20,PLATINUM,ALL,JAN28,2043,+25,0.0,10.0,0.0
2026-03-20,PLATINUM,RET,JAN28,2043,+25,0,0,0
2026-03-20,PLATINUM,ALL,APR28,2054,+25,0.0,14.0,0.0
2026-03-20,PLATINUM,RET,APR28,2054,+25,0,0,0
2026-03-20,PLATINUM,ALL,JUL28,2066,+25,0.0,27.0,0.0
2026-03-20,PLATINUM,RET,JUL28,2066,+25,0,0,0
2026-03-20,PLATINUM,ALL,OCT28,2077,+25,0.0,1.0,0.0
2026-03-20,PLATINUM,RET,OCT28,2077,+25,0,0,0
2026-03-20,COPPER,ALL,MAR26,5.343,-0.090,1388.0,2675.0,125.0
2026-03-20,COPPER,RET,MAR26,5.343,-0.090,0,0,0
2026-03-20,COPPER,ALL,APR26,5.349,-0.093,1592.1,8403.2,-47.2
2026-03-20,COPPER,RET,APR26,5.349,-0.093,26.1,95.2,-4.2
2026-03-20,COPPER,ALL,MAY26,5.375,-0.095,55563.4,109114.6,-1062.4
2026-03-20,COPPER,RET,MAY26,5.375,-0.095,1839.4,1218.6000000000001,-23.400000000000002
2026-03-20,COPPER,ALL,JUN26,5.402,-0.095,261.0,3719.2,4.2
2026-03-20,COPPER,RET,JUN26,5.402,-0.095,11.0,35.2,1.2000000000000002
2026-03-20,COPPER,ALL,JUL26,5.429,-0.096,9752.4,47928.5,119.7
2026-03-20,COPPER,RET,JUL26,5.429,-0.096,61.400000000000006,94.5,0.7
2026-03-20,COPPER,ALL,AUG26,5.457,-0.097,168.0,2071.3,123.0
2026-03-20,COPPER,RET,AUG26,5.457,-0.097,0.0,0.30000000000000004,0.0
2026-03-20,COPPER,ALL,SEP26,5.484,-0.098,3475.3,25016.0,190.0
2026-03-20,COPPER,RET,SEP26,5.484,-0.098,3.3000000000000003,16.0,1.0
2026-03-20,COPPER,ALL,OCT26,5.513,-0.099,51.0,1240.0,23.0
2026-03-20,COPPER,RET,OCT26,5.513,-0.099,0,0,0
2026-03-20,COPPER,ALL,NOV26,5.542,-0.098,41.3,1107.4,16.0
2026-03-20,COPPER,RET,NOV26,5.542,-0.098,0.30000000000000004,0.4,0.0
2026-03-20,COPPER,ALL,DEC26,5.566,-0.099,1405.7,20222.8,25.3
2026-03-20,COPPER,RET,DEC26,5.566,-0.099,2.7,12.8,-0.7000000000000001
2026-03-20,COPPER,ALL,JAN27,5.593,-0.099,30.0,580.0,7.0
2026-03-20,COPPER,RET,JAN27,5.593,-0.099,0,0,0
2026-03-20,COPPER,ALL,FEB27,5.618,-0.099,15.0,124.0,3.0
2026-03-20,COPPER,RET,FEB27,5.618,-0.099,0.0,1.0,0.0
2026-03-20,COPPER,ALL,MAR27,5.639,-0.099,234.0,2135.0,134.0
2026-03-20,COPPER,RET,MAR27,5.639,-0.099,0,0,0
2026-03-20,COPPER,ALL,APR27,5.662,-0.099,8.0,42.0,3.0
2026-03-20,COPPER,RET,APR27,5.662,-0.099,0,0,0
2026-03-20,COPPER,ALL,MAY27,5.682,-0.099,39.0,589.0,-1.0
2026-03-20,COPPER,RET,MAY27,5.682,-0.099,0,0,0
2026-03-20,COPPER,ALL,JUN27,5.703,-0.099,2.0,25.0,0.0
2026-03-20,COPPER,RET,JUN27,5.703,-0.099,0,0,0
2026-03-20,COPPER,ALL,JUL27,5.723,-0.099,30.0,287.0,0.0
2026-03-20,COPPER,RET,JUL27,5.723,-0.099,0,0,0
2026-03-20,COPPER,ALL,AUG27,5.744,-0.099,0.0,14.0,0.0
2026-03-20,COPPER,RET,AUG27,5.744,-0.099,0,0,0
2026-03-20,COPPER,ALL,SEP27,5.762,-0.099,29.0,213.0,0.0
2026-03-20,COPPER,RET,SEP27,5.762,-0.099,0,0,0
2026-03-20,COPPER,ALL,OCT27,5.784,-0.099,0.0,8.0,0.0
2026-03-20,COPPER,RET,OCT27,5.784,-0.099,0,0,0
2026-03-20,COPPER,ALL,NOV27,5.800,-0.098,0.0,2.0,0.0
2026-03-20,COPPER,RET,NOV27,5.800,-0.098,0,0,0
2026-03-20,COPPER,ALL,DEC27,5.816,-0.098,74.0,914.0,33.0
2026-03-20,COPPER,RET,DEC27,5.816,-0.098,0,0,0
2026-03-20,COPPER,ALL,MAR28,5.873,-0.097,39.0,133.0,-3.0
2026-03-20,COPPER,RET,MAR28,5.873,-0.097,0,0,0
2026-03-20,COPPER,ALL,MAY28,5.910,-0.097,69.0,78.0,7.0
2026-03-20,COPPER,RET,MAY28,5.910,-0.097,0,0,0
2026-03-20,COPPER,ALL,JUL28,5.947,-0.097,59.0,155.0,37.0
2026-03-20,COPPER,RET,JUL28,5.947,-0.097,0,0,0
2026-03-20,COPPER,ALL,SEP28,5.984,-0.097,10.0,12.0,5.0
2026-03-20,COPPER,RET,SEP28,5.984,-0.097,0,0,0
2026-03-20,COPPER,ALL,DEC28,6.038,-0.097,10.0,30.0,10.0
2026-03-20,COPPER,RET,DEC28,6.038,-0.097,0,0,0
2026-03-20,COPPER,ALL,MAR29,6.082,-0.097,0.0,9.0,0.0
2026-03-20,COPPER,RET,MAR29,6.082,-0.097,0,0,0
2026-03-20,GOLD,OPT,MAR26,2.40,-,16904.0,-9914.0,-2868.4
2026-03-20,GOLD,OPT,APR26,1.80,-,28922.7,12450.5,-418.5
2026-03-20,GOLD,OPT,MAY26,1.11,-,18674.9,18420.9,-1340.5
2026-03-20,GOLD,OPT,JUN26,0.33,-,12113.3,57995.0,4017.9
2026-03-20,GOLD,OPT,JUL26,0.08,-,13128.0,20944.8,-6237.0
2026-03-20,GOLD,OPT,AUG26,0.62,-,3535.0,11577.0,-2020.0
2026-03-20,GOLD,OPT,SEP26,0.01,-,993.0,5320.0,-72.0
2026-03-20,GOLD,OPT,OCT26,1.03,-,895.0,16545.0,-267.0
2026-03-20,GOLD,OPT,NOV26,0.01,-,750.0,1316.0,742.0
2026-03-20,GOLD,OPT,DEC26,0.91,-,1409.0,53476.0,-99.0
2026-03-20,GOLD,OPT,JAN27,0.30,-,13.0,3814.0,7.0
2026-03-20,GOLD,OPT,FEB27,0.00,-,16.0,2312.0,16.0
2026-03-20,GOLD,OPT,DEC27,0.00,-,22.0,19.0,8.0
2026-03-20,GOLD,OPT,JAN28,0.00,-,2.0,-2.0,-2.0
2026-03-20,SILVER,OPT,MAR26,2.07,-,455.0,-382.0,-351.0
2026-03-20,SILVER,OPT,APR26,1.21,-,3568.0,2786.0,517.0
2026-03-20,SILVER,OPT,MAY26,0.63,-,2009.0,3239.0,652.0
2026-03-20,SILVER,OPT,JUN26,4.37,-,660.0,2301.0,-319.0
2026-03-20,SILVER,OPT,JUL26,0.05,-,484.0,7175.0,52.0
2026-03-20,SILVER,OPT,AUG26,2.00,-,12.0,-271.0,-4.0
2026-03-20,SILVER,OPT,SEP26,0.00,-,1.0,112.0,0.0
2026-03-20,SILVER,OPT,DEC26,39.00,-,80.0,4153.0,-53.0
2026-03-20,COPPER,OPT,MAR26,29.60,-,765.0,-724.0,-72.0
2026-03-20,COPPER,OPT,APR26,2.36,-,1459.0,7559.0,112.0
2026-03-20,COPPER,OPT,MAY26,0.65,-,5135.0,15357.0,1302.0
2026-03-20,COPPER,OPT,JUN26,1.43,-,1880.0,1639.0,-204.0
2026-03-20,COPPER,OPT,JUL26,1.93,-,797.0,-5877.0,-42.0
2026-03-20,COPPER,OPT,AUG26,0.07,-,16.0,-119.0,14.0
2026-03-20,COPPER,OPT,NOV26,0.00,-,2.0,26.0,0.0
2026-03-20,COPPER,OPT,DEC26,0.00,-,408.0,2663.0,392.0
2026-03-20,COPPER,OPT,JAN27,0.00,-,1.0,-6.0,1.0
2026-03-20,PLATINUM,OPT,MAR26,0.00,-,68.0,-255.0,95.0
2026-03-20,PLATINUM,OPT,APR26,0.00,-,34.0,-6.0,-34.0
2026-03-20,PLATINUM,OPT,MAY26,1.19,-,424.0,-300.0,-36.0
2026-03-20,PLATINUM,OPT,JUN26,0.68,-,67.0,120.0,3.0
2026-03-20,PLATINUM,OPT,JUL26,0.13,-,171.0,2229.0,123.0
