Date,Type,Month,Sett_PC,Change,Vol,OI,Delta
2026-02-27,FUT,MAR26,6889.00,-31.00,1638910,1972566,-29402
2026-02-27,FUT,JUN26,6941.50,-31.25,8531,52494,1862
2026-02-27,FUT,SEP26,6994.00,-29.75,40,616,-5
2026-02-27,FUT,DEC26,7041.75,-29.75,0,730,0
2026-02-27,FUT,MAR27,7087.50,-34.00,0,2,0
2026-02-27,FUT,DEC27,7222.75,-38.00,0,81,0
2026-02-27,FUT,DEC28,7421.75,-42.00,0,20,0
2026-02-27,OPT,FEB26,1.47,-,367046.0,0.0,365608.0
2026-02-27,OPT,MAR26,2.48,-,772162.0,-1470677.0,-312128.0
2026-02-27,OPT,APR26,1.39,-,33915.0,-280707.0,-8022.0
2026-02-27,OPT,MAY26,2.05,-,17428.0,-160310.0,-265.0
2026-02-27,OPT,JUN26,1.19,-,16128.0,-143843.0,-507.0
2026-02-27,OPT,JUL26,1.69,-,3089.0,-36257.0,574.0
2026-02-27,OPT,AUG26,3.20,-,2539.0,-21626.0,12.0
2026-02-27,OPT,SEP26,4.08,-,3106.0,-52511.0,-337.0
2026-02-27,OPT,OCT26,4.88,-,141.0,-18928.0,-61.0
2026-02-27,OPT,NOV26,1.92,-,35.0,-5115.0,26.0
2026-02-27,OPT,DEC26,2.76,-,1768.0,-41681.0,-756.0
2026-02-27,OPT,JAN27,9.60,-,53.0,-1555.0,9.0
2026-02-27,OPT,FEB27,11.50,-,25.0,-1016.0,-19.0
2026-02-27,OPT,MAR27,0.14,-,385.0,-5975.0,197.0
2026-02-27,OPT,JUN27,0.00,-,18.0,-1127.0,0.0
2026-02-27,OPT,SEP27,0.00,-,69.0,-1441.0,-69.0
2026-02-27,OPT,DEC27,239.00,-,240.0,-6595.0,-94.0
2026-03-02,FUT,MAR26,6888.25, -0.75,1844835,2011367,41849
2026-03-02,FUT,JUN26,6940.75, -0.75,12205,52762,268
2026-03-02,FUT,SEP26,6991.50, -2.50,49,632,16
2026-03-02,FUT,DEC26,7041.00, -0.75,0,730,0
2026-03-02,FUT,MAR27,7089.75, +2.25,0,2,0
2026-03-02,FUT,DEC27,7229.75, +7.00,0,81,0
2026-03-02,FUT,DEC28,7428.75, +7.00,0,20,0
2026-03-02,OPT,MAR26,2.62,-,1387369.0,-1508000.0,-37513.0
2026-03-02,OPT,APR26,2.12,-,38060.0,-287537.0,-6730.0
2026-03-02,OPT,MAY26,3.83,-,14879.0,-162840.0,-2530.0
2026-03-02,OPT,JUN26,6.75,-,96896.0,-217725.0,-73887.0
2026-03-02,OPT,JUL26,3.30,-,1304.0,-36629.0,-372.0
2026-03-02,OPT,AUG26,1.33,-,693.0,-21644.0,-18.0
2026-03-02,OPT,SEP26,2.30,-,4467.0,-53545.0,-1034.0
2026-03-02,OPT,OCT26,1.20,-,799.0,-19092.0,-164.0
2026-03-02,OPT,NOV26,3.08,-,147.0,-5159.0,-44.0
2026-03-02,OPT,DEC26,0.51,-,1581.0,-41018.0,663.0
2026-03-02,OPT,JAN27,2.19,-,599.0,-1765.0,-210.0
2026-03-02,OPT,FEB27,1.25,-,117.0,-1034.0,-18.0
2026-03-02,OPT,MAR27,0.78,-,420.0,-5854.0,121.0
2026-03-02,OPT,JUN27,4.67,-,119.0,-1214.0,-87.0
2026-03-02,OPT,SEP27,0.02,-,101.0,-1342.0,99.0
2026-03-02,OPT,DEC27,2.01,-,476.0,-6702.0,-107.0
2026-03-02,OPT,DEC28,0.00,-,32.0,-662.0,19.0
2026-03-03,FUT,MAR26,6824.75,-63.50,2259359,2026698,25825
2026-03-03,FUT,JUN26,6876.50,-64.25,24074,55246,2484
2026-03-03,FUT,SEP26,6926.00,-65.50,90,637,5
2026-03-03,FUT,DEC26,6974.00,-67.00,2,732,2
2026-03-03,FUT,MAR27,7023.75,-66.00,0,2,0
2026-03-03,FUT,DEC27,7163.75,-66.00,0,81,0
2026-03-03,FUT,DEC28,7347.75,-81.00,0,20,0
2026-03-03,OPT,MAR26,1.63,-,1494722.0,-1427502.0,80557.0
2026-03-03,OPT,APR26,2.73,-,87974.0,-298626.0,-11089.0
2026-03-03,OPT,MAY26,2.05,-,18156.0,-163019.0,-179.0
2026-03-03,OPT,JUN26,2.11,-,34410.0,-218995.0,-1270.0
2026-03-03,OPT,JUL26,3.88,-,2649.0,-37320.0,-691.0
2026-03-03,OPT,AUG26,1.28,-,6964.0,-22257.0,-613.0
2026-03-03,OPT,SEP26,3.97,-,5190.0,-55779.0,-2234.0
2026-03-03,OPT,OCT26,0.77,-,555.0,-19094.0,-2.0
2026-03-03,OPT,NOV26,0.93,-,400.0,-5120.0,39.0
2026-03-03,OPT,DEC26,2.25,-,4508.0,-42059.0,-1041.0
2026-03-03,OPT,JAN27,0.71,-,101.0,-1750.0,15.0
2026-03-03,OPT,FEB27,0.08,-,227.0,-892.0,142.0
2026-03-03,OPT,MAR27,2.07,-,3035.0,-6715.0,-861.0
2026-03-03,OPT,JUN27,0.60,-,146.0,-1178.0,36.0
2026-03-03,OPT,SEP27,0.00,-,2.0,-1342.0,0.0
2026-03-03,OPT,DEC27,26.84,-,529.0,-7065.0,-363.0
2026-03-03,OPT,DEC28,1.00,-,8.0,-664.0,-2.0
2026-03-03,OPT,DEC29,0.00,-,1.0,62.0,0.0
2026-03-03,OPT,DEC30,0.00,-,1.0,-30.0,1.0
2026-03-04,FUT,MAR26,6876.00,+51.25,1546814,2000450,-3589
2026-03-04,FUT,JUN26,6928.50,+52.00,15915,56197,975
2026-03-04,FUT,SEP26,6979.25,+53.25,23,649,12
2026-03-04,FUT,DEC26,7029.25,+55.25,1,731,-1
2026-03-04,FUT,MAR27,7082.25,+58.50,0,2,0
2026-03-04,FUT,DEC27,7222.50,+58.75,0,81,0
2026-03-04,FUT,DEC28,7424.50,+76.75,0,20,0
2026-03-04,OPT,MAR26,1.95,-,1214996.0,-1458600.0,-31804.0
2026-03-04,OPT,APR26,1.76,-,52183.0,-300201.0,-1418.0
2026-03-04,OPT,MAY26,1.53,-,21366.0,-166282.0,-2592.0
2026-03-04,OPT,JUN26,19.65,-,60314.0,-255500.0,-36542.0
2026-03-04,OPT,JUL26,1.20,-,1820.0,-37295.0,21.0
2026-03-04,OPT,AUG26,2.79,-,901.0,-22639.0,-382.0
2026-03-04,OPT,SEP26,1.95,-,5366.0,-56541.0,-762.0
2026-03-04,OPT,OCT26,5.40,-,333.0,-19316.0,-222.0
2026-03-04,OPT,NOV26,1.68,-,314.0,-5169.0,-49.0
2026-03-04,OPT,DEC26,1.01,-,1155.0,-41988.0,68.0
2026-03-04,OPT,JAN27,14.67,-,141.0,-1867.0,-117.0
2026-03-04,OPT,FEB27,69.00,-,280.0,-1158.0,-266.0
2026-03-04,OPT,MAR27,0.45,-,344.0,-6584.0,131.0
2026-03-04,OPT,JUN27,36.75,-,151.0,-1323.0,-145.0
2026-03-04,OPT,SEP27,11.75,-,102.0,-1412.0,-70.0
2026-03-04,OPT,DEC27,3.39,-,101.0,-7101.0,-36.0
2026-03-04,OPT,DEC28,0.00,-,13.0,-677.0,-13.0
2026-03-04,OPT,DEC29,0.00,-,2.0,62.0,0.0
2026-03-05,FUT,MAR26,6835.25,-40.75,1948470,1983825,-10763
2026-03-05,FUT,JUN26,6886.75,-41.75,34700,55879,46
2026-03-05,FUT,SEP26,6937.50,-41.75,118,713,64
2026-03-05,FUT,DEC26,6986.75,-42.50,1,732,1
2026-03-05,FUT,MAR27,7039.75,-42.50,0,2,0
2026-03-05,FUT,DEC27,7180.00,-42.50,0,81,0
2026-03-05,FUT,DEC28,7382.00,-42.50,0,20,0
2026-03-05,OPT,MAR26,1.60,-,1410590.0,-1539834.0,-82327.0
2026-03-05,OPT,APR26,1.64,-,50605.0,-305997.0,-5796.0
2026-03-05,OPT,MAY26,1.01,-,18113.0,-164173.0,2109.0
2026-03-05,OPT,JUN26,1.87,-,17332.0,-256299.0,-814.0
2026-03-05,OPT,JUL26,1.55,-,4266.0,-37578.0,-283.0
2026-03-05,OPT,AUG26,5.55,-,1146.0,-22809.0,-170.0
2026-03-05,OPT,SEP26,1.63,-,3489.0,-56933.0,-392.0
2026-03-05,OPT,OCT26,4.82,-,163.0,-19409.0,-93.0
2026-03-05,OPT,NOV26,5.86,-,439.0,-5469.0,-300.0
2026-03-05,OPT,DEC26,1.79,-,2584.0,-42355.0,-362.0
2026-03-05,OPT,JAN27,0.02,-,114.0,-1765.0,102.0
2026-03-05,OPT,FEB27,4.33,-,64.0,-1155.0,3.0
2026-03-05,OPT,MAR27,0.55,-,427.0,-6401.0,183.0
2026-03-05,OPT,JUN27,0.12,-,9.0,-1323.0,0.0
2026-03-05,OPT,SEP27,0.00,-,100.0,-1512.0,-100.0
2026-03-05,OPT,DEC27,51.00,-,52.0,-7152.0,-52.0
2026-03-05,OPT,DEC29,0.00,-,1.0,62.0,0.0
2026-03-06,FUT,MAR26,6743.75,-91.50,1940173,1966791,-12356
2026-03-06,FUT,JUN26,6794.00,-92.75,28542,61208,5330
2026-03-06,FUT,SEP26,6844.50,-93.00,435,986,273
2026-03-06,FUT,DEC26,6891.25,-95.50,1,733,1
2026-03-06,FUT,MAR27,6939.25,-100.50,0,2,0
2026-03-06,FUT,DEC27,7082.00,-98.00,0,81,0
2026-03-06,FUT,DEC28,7284.00,-98.00,0,20,0
2026-03-06,OPT,MAR26,2.23,-,1547809.0,-1503022.0,36108.0
2026-03-06,OPT,APR26,2.60,-,93029.0,-323035.0,-17038.0
2026-03-06,OPT,MAY26,2.26,-,36337.0,-164020.0,153.0
2026-03-06,OPT,JUN26,3.17,-,29975.0,-259115.0,-2816.0
2026-03-06,OPT,JUL26,1.50,-,5322.0,-38410.0,-832.0
2026-03-06,OPT,AUG26,2.39,-,2322.0,-23379.0,-570.0
2026-03-06,OPT,SEP26,3.69,-,5077.0,-57294.0,-361.0
2026-03-06,OPT,OCT26,6.18,-,2190.0,-20324.0,-915.0
2026-03-06,OPT,NOV26,0.78,-,246.0,-5425.0,44.0
2026-03-06,OPT,DEC26,2.95,-,5730.0,-45141.0,-2782.0
2026-03-06,OPT,JAN27,0.82,-,366.0,-1732.0,33.0
2026-03-06,OPT,FEB27,1.00,-,32.0,-1158.0,-3.0
2026-03-06,OPT,MAR27,106.50,-,215.0,-6484.0,-83.0
2026-03-06,OPT,JUN27,1.15,-,43.0,-1303.0,20.0
2026-03-06,OPT,SEP27,0.00,-,3.0,-1509.0,3.0
2026-03-06,OPT,DEC27,4.51,-,215.0,-7270.0,-118.0
2026-03-06,OPT,DEC28,0.00,-,1.0,-678.0,-1.0
2026-03-06,OPT,DEC29,0.00,-,2.0,64.0,2.0
2026-03-09,FUT,MAR26,6801.00,+57.25,2265287,1963612,2833
2026-03-09,FUT,JUN26,6852.00,+58.00,54532,72169,10961
2026-03-09,FUT,SEP26,6900.75,+56.25,214,1020,34
2026-03-09,FUT,DEC26,6948.75,+57.50,1,733,0
2026-03-09,FUT,MAR27,7000.75,+61.50,1,2,0
2026-03-09,FUT,DEC27,7147.50,+65.50,0,81,0
2026-03-09,FUT,DEC28,7356.50,+72.50,0,20,0
2026-03-09,OPT,MAR26,2.12,-,1580356.0,-1504362.0,557.0
2026-03-09,OPT,APR26,1.76,-,134223.0,-330830.0,-7794.0
2026-03-09,OPT,MAY26,2.33,-,27651.0,-165898.0,-1878.0
2026-03-09,OPT,JUN26,2.37,-,59310.0,-264166.0,-5051.0
2026-03-09,OPT,JUL26,2.63,-,8123.0,-41090.0,-2680.0
2026-03-09,OPT,AUG26,4.65,-,4485.0,-25090.0,-1711.0
2026-03-09,OPT,SEP26,0.86,-,7222.0,-57698.0,-404.0
2026-03-09,OPT,OCT26,0.47,-,2085.0,-19326.0,998.0
2026-03-09,OPT,NOV26,2.25,-,523.0,-5526.0,-101.0
2026-03-09,OPT,DEC26,0.59,-,8418.0,-43882.0,1259.0
2026-03-09,OPT,JAN27,0.19,-,357.0,-1559.0,173.0
2026-03-09,OPT,FEB27,1.41,-,320.0,-1195.0,-37.0
2026-03-09,OPT,MAR27,2.06,-,379.0,-6381.0,103.0
2026-03-09,OPT,JUN27,0.32,-,90.0,-1263.0,40.0
2026-03-09,OPT,SEP27,4.29,-,37.0,-1483.0,26.0
2026-03-09,OPT,DEC27,0.64,-,241.0,-7186.0,84.0
2026-03-09,OPT,DEC28,3.00,-,16.0,-676.0,2.0
2026-03-09,OPT,DEC29,0.00,-,22.0,64.0,0.0
2026-03-09,OPT,DEC30,0.00,-,2.0,-30.0,0.0
2026-03-10,FUT,MAR26,6787.25,-13.75,1893966,1923264,-35229
2026-03-10,FUT,JUN26,6838.00,-14.00,43361,75156,2929
2026-03-10,FUT,SEP26,6887.75,-13.00,95,1045,25
2026-03-10,FUT,DEC26,6936.50,-12.25,1,732,-1
2026-03-10,FUT,MAR27,6988.50,-12.25,0,2,0
2026-03-10,FUT,DEC27,7133.00,-14.50,0,81,0
2026-03-10,FUT,DEC28,7342.00,-14.50,0,20,0
2026-03-10,OPT,MAR26,2.63,-,1238177.0,-1511885.0,-4548.0
2026-03-10,OPT,APR26,1.09,-,103146.0,-319028.0,11795.0
2026-03-10,OPT,MAY26,2.74,-,18035.0,-171078.0,-5182.0
2026-03-10,OPT,JUN26,7.71,-,45418.0,-281515.0,-17367.0
2026-03-10,OPT,JUL26,0.72,-,7620.0,-38666.0,2423.0
2026-03-10,OPT,AUG26,10.41,-,2361.0,-24323.0,572.0
2026-03-10,OPT,SEP26,1.16,-,3621.0,-57608.0,84.0
2026-03-10,OPT,OCT26,9.58,-,455.0,-19429.0,-103.0
2026-03-10,OPT,NOV26,3.80,-,288.0,-5616.0,-90.0
2026-03-10,OPT,DEC26,0.68,-,1982.0,-43205.0,677.0
2026-03-10,OPT,JAN27,1.10,-,218.0,-1598.0,-39.0
2026-03-10,OPT,FEB27,0.00,-,86.0,-1273.0,-78.0
2026-03-10,OPT,MAR27,31.75,-,262.0,-6606.0,-225.0
2026-03-10,OPT,JUN27,1.12,-,51.0,-1248.0,15.0
2026-03-10,OPT,SEP27,23.14,-,169.0,-1638.0,-155.0
2026-03-10,OPT,DEC27,31.67,-,196.0,-7220.0,-34.0
2026-03-10,OPT,DEC28,1.06,-,33.0,-682.0,-6.0
2026-03-10,OPT,DEC29,0.00,-,1.0,63.0,-1.0
2026-03-10,OPT,DEC30,0.00,-,1.0,-30.0,0.0
2026-03-11,FUT,MAR26,6779.50, -7.75,1603374,1893936,-25748
2026-03-11,FUT,JUN26,6830.50, -7.50,78240,97970,22814
2026-03-11,FUT,SEP26,6880.50, -7.25,1248,1999,954
2026-03-11,FUT,DEC26,6930.50, -6.00,0,732,0
2026-03-11,FUT,MAR27,6981.00, -7.50,0,2,0
2026-03-11,FUT,DEC27,7136.00, +3.00,0,81,0
2026-03-11,FUT,DEC28,7348.00, +6.00,0,20,0
2026-03-11,OPT,MAR26,1.81,-,956878.0,-1435105.0,73762.0
2026-03-11,OPT,APR26,3.80,-,89074.0,-334728.0,-15881.0
2026-03-11,OPT,MAY26,1.85,-,12283.0,-170936.0,164.0
2026-03-11,OPT,JUN26,7.98,-,31684.0,-291627.0,-10172.0
2026-03-11,OPT,JUL26,0.33,-,2909.0,-39522.0,-854.0
2026-03-11,OPT,AUG26,1.82,-,3110.0,-24281.0,42.0
2026-03-11,OPT,SEP26,1.23,-,1640.0,-59078.0,-1470.0
2026-03-11,OPT,OCT26,0.20,-,931.0,-18834.0,595.0
2026-03-11,OPT,NOV26,1.25,-,72.0,-5620.0,-4.0
2026-03-11,OPT,DEC26,15.39,-,4998.0,-46709.0,-3504.0
2026-03-11,OPT,JAN27,0.16,-,66.0,-1566.0,32.0
2026-03-11,OPT,FEB27,1.61,-,154.0,-1283.0,-10.0
2026-03-11,OPT,MAR27,4.08,-,188.0,-6583.0,23.0
2026-03-11,OPT,JUN27,42.17,-,259.0,-1401.0,-153.0
2026-03-11,OPT,SEP27,4.62,-,45.0,-1667.0,-29.0
2026-03-11,OPT,DEC27,14.10,-,151.0,-7188.0,32.0
2026-03-11,OPT,DEC28,0.00,-,44.0,-690.0,-8.0
2026-03-11,OPT,DEC29,0.00,-,2.0,65.0,2.0
2026-03-12,FUT,MAR26,6677.50,-102.00,2042016,1867613,-25305
2026-03-12,FUT,JUN26,6727.25,-103.25,238921,164746,66780
2026-03-12,FUT,SEP26,6779.00,-101.50,175,2004,5
2026-03-12,FUT,DEC26,6827.25,-103.25,1,732,0
2026-03-12,FUT,MAR27,6880.75,-100.25,0,2,0
2026-03-12,FUT,DEC27,7035.75,-100.25,0,81,0
2026-03-12,FUT,DEC28,7254.50,-93.50,0,20,0
2026-03-12,OPT,MAR26,1.65,-,1086155.0,-1503919.0,-68222.0
2026-03-12,OPT,APR26,1.69,-,78435.0,-343114.0,-8386.0
2026-03-12,OPT,MAY26,2.04,-,21102.0,-173165.0,-2254.0
2026-03-12,OPT,JUN26,7.68,-,61233.0,-334110.0,-42483.0
2026-03-12,OPT,JUL26,0.57,-,1427.0,-39722.0,-200.0
2026-03-12,OPT,AUG26,42.73,-,5554.0,-22043.0,2238.0
2026-03-12,OPT,SEP26,1.28,-,4174.0,-59203.0,-125.0
2026-03-12,OPT,OCT26,0.63,-,1018.0,-18464.0,370.0
2026-03-12,OPT,NOV26,2.21,-,77.0,-5642.0,-22.0
2026-03-12,OPT,DEC26,2.03,-,1492.0,-47006.0,-297.0
2026-03-12,OPT,JAN27,0.23,-,32.0,-1569.0,-3.0
2026-03-12,OPT,FEB27,0.18,-,20.0,-1282.0,1.0
2026-03-12,OPT,MAR27,305.00,-,306.0,-6758.0,-175.0
2026-03-12,OPT,JUN27,0.23,-,16.0,-1391.0,10.0
2026-03-12,OPT,SEP27,0.00,-,2.0,-1668.0,-1.0
2026-03-12,OPT,DEC27,40.44,-,373.0,-7230.0,-42.0
2026-03-12,OPT,DEC28,28.00,-,58.0,-722.0,-32.0
2026-03-13,FUT,MAR26,6636.00,-41.50,2407679,1547244,-317306
2026-03-13,FUT,JUN26,6685.75,-41.50,799329,564278,389025
2026-03-13,FUT,SEP26,6734.50,-44.50,134,1997,-7
2026-03-13,FUT,DEC26,6783.75,-43.50,5,735,3
2026-03-13,FUT,MAR27,6835.00,-45.75,0,2,0
2026-03-13,FUT,DEC27,6985.75,-50.00,0,81,0
2026-03-13,FUT,DEC28,7198.00,-56.50,0,20,0
2026-03-13,OPT,MAR26,2.02,-,1328325.0,-1421049.0,82078.0
2026-03-13,OPT,APR26,1.64,-,96152.0,-354786.0,-11672.0
2026-03-13,OPT,MAY26,2.37,-,23415.0,-176538.0,-3373.0
2026-03-13,OPT,JUN26,1.61,-,39073.0,-338271.0,-4163.0
2026-03-13,OPT,JUL26,3.17,-,2470.0,-40271.0,-549.0
2026-03-13,OPT,AUG26,1.02,-,1174.0,-22109.0,-66.0
2026-03-13,OPT,SEP26,1.64,-,8037.0,-59897.0,-694.0
2026-03-13,OPT,OCT26,0.30,-,1037.0,-17855.0,609.0
2026-03-13,OPT,NOV26,1.61,-,685.0,-5832.0,-190.0
2026-03-13,OPT,DEC26,2.14,-,2816.0,-46963.0,43.0
2026-03-13,OPT,JAN27,0.29,-,80.0,-1517.0,52.0
2026-03-13,OPT,FEB27,0.46,-,35.0,-1267.0,15.0
2026-03-13,OPT,MAR27,0.41,-,316.0,-6648.0,110.0
2026-03-13,OPT,JUN27,0.37,-,96.0,-1348.0,43.0
2026-03-13,OPT,SEP27,0.00,-,2.0,-1666.0,2.0
2026-03-13,OPT,DEC27,3.70,-,141.0,-7271.0,-41.0
2026-03-16,FUT,MAR26,6704.75,+68.75,2025388,966958,-568517
2026-03-16,FUT,JUN26,6755.50,+69.75,2237284,1351444,782772
2026-03-16,FUT,SEP26,6805.75,+71.25,467,2043,46
2026-03-16,FUT,DEC26,6855.25,+71.50,11,742,7
2026-03-16,FUT,MAR27,6906.50,+71.50,1,2,0
2026-03-16,FUT,DEC27,7057.25,+71.50,0,81,0
2026-03-16,FUT,DEC28,7269.50,+71.50,0,20,0
2026-03-16,OPT,MAR26,2.19,-,1156516.0,-1385531.0,37209.0
2026-03-16,OPT,APR26,2.51,-,110535.0,-387682.0,-33696.0
2026-03-16,OPT,MAY26,1.45,-,25696.0,-178680.0,-2245.0
2026-03-16,OPT,JUN26,3.46,-,36502.0,-345362.0,-7091.0
2026-03-16,OPT,JUL26,1.22,-,4657.0,-39587.0,684.0
2026-03-16,OPT,AUG26,14.27,-,1619.0,-22881.0,-772.0
2026-03-16,OPT,SEP26,1.41,-,7793.0,-60734.0,-837.0
2026-03-16,OPT,OCT26,0.31,-,881.0,-17386.0,469.0
2026-03-16,OPT,NOV26,138.20,-,8909.0,-13808.0,-7976.0
2026-03-16,OPT,DEC26,4.61,-,5584.0,-49583.0,-2620.0
2026-03-16,OPT,JAN27,0.43,-,679.0,-1228.0,289.0
2026-03-16,OPT,FEB27,3.95,-,574.0,-1491.0,-224.0
2026-03-16,OPT,MAR27,0.53,-,141.0,-6653.0,-5.0
2026-03-16,OPT,JUN27,1.55,-,84.0,-1382.0,-34.0
2026-03-16,OPT,SEP27,0.62,-,255.0,-1571.0,95.0
2026-03-16,OPT,DEC27,2.69,-,705.0,-7214.0,57.0
2026-03-16,OPT,DEC28,0.00,-,1.0,-721.0,1.0
2026-03-16,OPT,DEC29,0.00,-,1.0,65.0,0.0
2026-03-17,FUT,MAR26,6721.75,+17.00,834934,635313,-304328
2026-03-17,FUT,JUN26,6773.25,+17.75,1648453,1702559,347662
2026-03-17,FUT,SEP26,6823.50,+17.75,661,1877,-166
2026-03-17,FUT,DEC26,6873.00,+17.75,0,742,0
2026-03-17,FUT,MAR27,6927.00,+20.50,1,3,1
2026-03-17,FUT,DEC27,7073.75,+16.50,0,81,0
2026-03-17,FUT,DEC28,7286.00,+16.50,0,20,0
2026-03-17,OPT,MAR26,2.32,-,862383.0,-1457468.0,-73085.0
2026-03-17,OPT,APR26,1.86,-,88543.0,-393616.0,-6074.0
2026-03-17,OPT,MAY26,1.41,-,27221.0,-183142.0,-4462.0
2026-03-17,OPT,JUN26,7.31,-,84096.0,-373940.0,-28518.0
2026-03-17,OPT,JUL26,1.34,-,2134.0,-39932.0,-345.0
2026-03-17,OPT,AUG26,2.23,-,742.0,-23086.0,-205.0
2026-03-17,OPT,SEP26,1.11,-,6349.0,-60497.0,237.0
2026-03-17,OPT,OCT26,0.31,-,714.0,-16993.0,393.0
2026-03-17,OPT,NOV26,14.02,-,796.0,-13970.0,-162.0
2026-03-17,OPT,DEC26,1.89,-,3407.0,-50742.0,-1159.0
2026-03-17,OPT,JAN27,0.45,-,493.0,-1022.0,206.0
2026-03-17,OPT,FEB27,0.83,-,653.0,-1422.0,69.0
2026-03-17,OPT,MAR27,0.39,-,838.0,-6549.0,104.0
2026-03-17,OPT,JUN27,16.22,-,2359.0,-3542.0,-2160.0
2026-03-17,OPT,SEP27,0.12,-,18.0,-1568.0,3.0
2026-03-17,OPT,DEC27,4.70,-,57.0,-7237.0,-23.0
2026-03-17,OPT,DEC28,0.00,-,35.0,-721.0,0.0
2026-03-18,FUT,MAR26,6626.00,-95.75,501911,513515,-103792
2026-03-18,FUT,JUN26,6677.00,-96.25,1681048,1805343,94714
2026-03-18,FUT,SEP26,6727.25,-96.25,483,1909,32
2026-03-18,FUT,DEC26,6779.00,-94.00,38,763,21
2026-03-18,FUT,MAR27,6833.00,-94.00,0,3,0
2026-03-18,FUT,DEC27,6979.75,-94.00,0,81,0
2026-03-18,FUT,DEC28,7192.00,-94.00,0,20,0
2026-03-18,OPT,MAR26,2.12,-,923263.0,-1403505.0,53347.0
2026-03-18,OPT,APR26,1.79,-,151610.0,-435418.0,-41802.0
2026-03-18,OPT,MAY26,1.45,-,21809.0,-186184.0,-3042.0
2026-03-18,OPT,JUN26,6.98,-,77515.0,-386775.0,-12835.0
2026-03-18,OPT,JUL26,2.00,-,2120.0,-40654.0,-722.0
2026-03-18,OPT,AUG26,2.70,-,2171.0,-23750.0,-664.0
2026-03-18,OPT,SEP26,1.65,-,3020.0,-61395.0,-898.0
2026-03-18,OPT,OCT26,0.81,-,678.0,-16702.0,291.0
2026-03-18,OPT,NOV26,114.73,-,1736.0,-15637.0,-1667.0
2026-03-18,OPT,DEC26,3.18,-,3354.0,-52036.0,-1294.0
2026-03-18,OPT,JAN27,0.08,-,299.0,-805.0,217.0
2026-03-18,OPT,FEB27,5.38,-,83.0,-1438.0,-16.0
2026-03-18,OPT,MAR27,1.53,-,200.0,-6543.0,6.0
2026-03-18,OPT,JUN27,0.00,-,54.0,-3595.0,-53.0
2026-03-18,OPT,SEP27,0.00,-,4.0,-1570.0,-2.0
2026-03-18,OPT,DEC27,17.91,-,832.0,-7525.0,-288.0
2026-03-18,OPT,DEC28,0.00,-,200.0,-521.0,200.0
2026-03-18,OPT,DEC29,0.00,-,1.0,66.0,1.0
2026-03-19,FUT,MAR26,6609.25,-16.75,450179,491508,-13458
2026-03-19,FUT,JUN26,6660.00,-17.00,2044481,1850186,47420
2026-03-19,FUT,SEP26,6711.00,-16.25,723,2075,166
2026-03-19,FUT,DEC26,6761.75,-17.25,43,727,-36
2026-03-19,FUT,MAR27,6815.75,-17.25,1,4,1
2026-03-19,FUT,DEC27,6965.75,-14.00,0,81,0
2026-03-19,FUT,DEC28,7186.75, -5.25,0,20,0
2026-03-19,OPT,MAR26,2.11,-,1246187.0,-1466408.0,-63635.0
2026-03-19,OPT,APR26,1.71,-,150150.0,-454894.0,-19475.0
2026-03-19,OPT,MAY26,1.09,-,37679.0,-179494.0,5075.0
2026-03-19,OPT,JUN26,1.43,-,67956.0,-387354.0,-613.0
2026-03-19,OPT,JUL26,3.75,-,11339.0,-45971.0,-5317.0
2026-03-19,OPT,AUG26,3.05,-,3859.0,-25357.0,-1607.0
2026-03-19,OPT,SEP26,0.93,-,24380.0,-60265.0,1030.0
2026-03-19,OPT,OCT26,6.60,-,1247.0,-16858.0,-156.0
2026-03-19,OPT,NOV26,0.94,-,581.0,-15697.0,-60.0
2026-03-19,OPT,DEC26,0.73,-,15084.0,-53745.0,-1539.0
2026-03-19,OPT,JAN27,2.38,-,649.0,-1118.0,-313.0
2026-03-19,OPT,FEB27,22.60,-,236.0,-1629.0,-191.0
2026-03-19,OPT,MAR27,3.03,-,2521.0,-7551.0,-1008.0
2026-03-19,OPT,APR27,3.17,-,263.0,-137.0,-137.0
2026-03-19,OPT,JUN27,0.35,-,546.0,-3260.0,335.0
2026-03-19,OPT,SEP27,0.00,-,30.0,-1550.0,20.0
2026-03-19,OPT,DEC27,0.77,-,244.0,-7688.0,-163.0
2026-03-19,OPT,DEC28,0.00,-,3.0,-518.0,3.0
2026-03-19,OPT,DEC29,0.00,-,10.0,76.0,10.0
2026-03-19,OPT,DEC30,0.00,-,2.0,-32.0,-2.0
2026-03-20,FUT,MAR26,6594.63,-14.62,26273,480720,-6449
2026-03-20,FUT,JUN26,6559.00,-101.00,2011431,1866397,18638
2026-03-20,FUT,SEP26,6609.50,-101.50,2300,3024,949
2026-03-20,FUT,DEC26,6660.75,-101.00,143,757,30
2026-03-20,FUT,MAR27,6716.75,-99.00,0,4,0
2026-03-20,FUT,DEC27,6878.75,-87.00,0,81,0
2026-03-20,FUT,DEC28,7099.75,-87.00,0,20,0
2026-03-20,OPT,MAR26,2.26,-,1151884.0,-804095.0,661035.0
2026-03-20,OPT,APR26,4.95,-,390656.0,-622685.0,-167718.0
2026-03-20,OPT,MAY26,10.64,-,128285.0,-273768.0,-94286.0
2026-03-20,OPT,JUN26,1.09,-,47205.0,-381776.0,5558.0
2026-03-20,OPT,JUL26,2.49,-,4092.0,-47588.0,-1617.0
2026-03-20,OPT,AUG26,1.63,-,3067.0,-25765.0,-408.0
2026-03-20,OPT,SEP26,0.55,-,10000.0,-57412.0,2853.0
2026-03-20,OPT,OCT26,12.60,-,1469.0,-17658.0,-800.0
2026-03-20,OPT,NOV26,0.10,-,1536.0,-14544.0,1153.0
2026-03-20,OPT,DEC26,1.29,-,9475.0,-53152.0,593.0
2026-03-20,OPT,JAN27,0.28,-,342.0,-930.0,188.0
2026-03-20,OPT,FEB27,0.75,-,119.0,-1611.0,18.0
2026-03-20,OPT,MAR27,0.85,-,2119.0,-8074.0,-523.0
2026-03-20,OPT,APR27,0.00,-,6.0,-131.0,6.0
2026-03-20,OPT,JUN27,2.60,-,18.0,-3259.0,1.0
2026-03-20,OPT,SEP27,82.00,-,83.0,-1491.0,59.0
2026-03-20,OPT,DEC27,0.50,-,186.0,-7863.0,-175.0
2026-03-20,OPT,DEC28,0.38,-,11.0,-526.0,-8.0
2026-03-20,OPT,DEC29,0.00,-,2.0,78.0,2.0
2026-03-20,OPT,DEC30,0.00,-,1.0,-31.0,1.0
2026-03-23,FUT,JUN26,6634.75,+75.75,2176195,1863690,663
2026-03-23,FUT,SEP26,6685.75,+76.25,5694,4776,1752
2026-03-23,FUT,DEC26,6737.00,+76.25,9,757,0
2026-03-23,FUT,MAR27,6794.00,+77.25,0,4,0
2026-03-23,FUT,DEC27,6956.00,+77.25,0,81,0
2026-03-23,FUT,DEC28,7177.00,+77.25,0,20,0
2026-03-23,OPT,MAR26,2.08,-,1087703.0,-716378.0,86919.0
2026-03-23,OPT,APR26,2.31,-,201888.0,-627539.0,-4848.0
2026-03-23,OPT,MAY26,1.37,-,31284.0,-277390.0,-3622.0
2026-03-23,OPT,JUN26,1.99,-,57307.0,-386260.0,-4485.0
2026-03-23,OPT,JUL26,2.29,-,4801.0,-48737.0,-1149.0
2026-03-23,OPT,AUG26,3.68,-,1944.0,-26751.0,-986.0
2026-03-23,OPT,SEP26,1.56,-,6775.0,-60966.0,-3554.0
2026-03-23,OPT,OCT26,0.79,-,1245.0,-17352.0,306.0
2026-03-23,OPT,NOV26,1.23,-,125.0,-14541.0,3.0
2026-03-23,OPT,DEC26,1.45,-,4371.0,-53833.0,319.0
2026-03-23,OPT,JAN27,0.16,-,893.0,-263.0,667.0
2026-03-23,OPT,FEB27,56.04,-,2738.0,-4215.0,-2604.0
2026-03-23,OPT,MAR27,0.41,-,1130.0,-7474.0,600.0
2026-03-23,OPT,APR27,0.00,-,19.0,-150.0,-19.0
2026-03-23,OPT,JUN27,1.33,-,14.0,-3254.0,5.0
2026-03-23,OPT,SEP27,2.00,-,12.0,-1489.0,2.0
2026-03-23,OPT,DEC27,0.82,-,739.0,-8052.0,-189.0
2026-03-23,OPT,DEC28,17.50,-,37.0,-523.0,3.0
2026-03-23,OPT,DEC29,0.00,-,1.0,77.0,-1.0
2026-03-23,OPT,DEC30,0.00,-,7.0,-28.0,3.0
2026-03-24,FUT,JUN26,6606.00,-28.75,1924003,1873734,15097
2026-03-24,FUT,SEP26,6657.00,-28.75,4506,7511,2736
2026-03-24,FUT,DEC26,6710.25,-26.75,0,757,0
2026-03-24,FUT,MAR27,6767.25,-26.75,0,4,0
2026-03-24,FUT,DEC27,6931.50,-24.50,0,81,0
2026-03-24,FUT,DEC28,7157.25,-19.75,0,20,0
2026-03-24,OPT,MAR26,1.75,-,874279.0,-667035.0,48472.0
2026-03-24,OPT,APR26,1.87,-,115230.0,-636700.0,-9072.0
2026-03-24,OPT,MAY26,1.51,-,21322.0,-279570.0,-2220.0
2026-03-24,OPT,JUN26,1.58,-,42456.0,-390458.0,-4159.0
2026-03-24,OPT,JUL26,10.78,-,3570.0,-50278.0,-1541.0
2026-03-24,OPT,AUG26,0.64,-,806.0,-26736.0,15.0
2026-03-24,OPT,SEP26,6.19,-,3071.0,-61587.0,-621.0
2026-03-24,OPT,OCT26,16.00,-,204.0,-17396.0,-44.0
2026-03-24,OPT,NOV26,0.14,-,65.0,-14537.0,4.0
2026-03-24,OPT,DEC26,1.91,-,6263.0,-54385.0,-552.0
2026-03-24,OPT,JAN27,7.46,-,601.0,-700.0,-437.0
2026-03-24,OPT,FEB27,3.76,-,81.0,-4257.0,-42.0
2026-03-24,OPT,MAR27,1.18,-,1289.0,-7740.0,-266.0
2026-03-24,OPT,APR27,0.00,-,2.0,-152.0,-2.0
2026-03-24,OPT,JUN27,20.67,-,65.0,-3316.0,-62.0
2026-03-24,OPT,SEP27,2.00,-,3.0,-1489.0,0.0
2026-03-24,OPT,DEC27,14.75,-,252.0,-8250.0,-198.0
2026-03-24,OPT,DEC28,0.00,-,1.0,-524.0,-1.0
2026-03-25,FUT,JUN26,6640.75,+34.75,1709266,1871022,-31
2026-03-25,FUT,SEP26,6691.75,+34.75,3575,8958,1450
2026-03-25,FUT,DEC26,6743.25,+33.00,0,757,0
2026-03-25,FUT,MAR27,6801.00,+33.75,0,4,0
2026-03-25,FUT,DEC27,6965.25,+33.75,0,81,0
2026-03-25,FUT,DEC28,7182.00,+24.75,0,20,0
2026-03-25,OPT,MAR26,1.62,-,713108.0,-623966.0,42469.0
2026-03-25,OPT,APR26,1.08,-,161070.0,-648687.0,-12248.0
2026-03-25,OPT,MAY26,1.53,-,55015.0,-295200.0,-15630.0
2026-03-25,OPT,JUN26,0.59,-,34037.0,-383190.0,7911.0
2026-03-25,OPT,JUL26,1.63,-,2322.0,-50757.0,-479.0
2026-03-25,OPT,AUG26,0.59,-,471.0,-26580.0,156.0
2026-03-25,OPT,SEP26,2.14,-,3537.0,-61855.0,-268.0
2026-03-25,OPT,OCT26,0.07,-,538.0,-16912.0,484.0
2026-03-25,OPT,NOV26,8.33,-,112.0,-14537.0,0.0
2026-03-25,OPT,DEC26,4.31,-,3082.0,-56806.0,-2421.0
2026-03-25,OPT,JAN27,1.75,-,88.0,-711.0,-11.0
2026-03-25,OPT,FEB27,0.56,-,14.0,-4251.0,6.0
2026-03-25,OPT,MAR27,0.28,-,651.0,-7428.0,312.0
2026-03-25,OPT,JUN27,0.00,-,9.0,-3314.0,2.0
2026-03-25,OPT,SEP27,0.72,-,191.0,-1440.0,49.0
2026-03-25,OPT,DEC27,0.00,-,27.0,-8238.0,12.0
2026-03-25,OPT,DEC28,0.01,-,121.0,-405.0,119.0
2026-03-25,OPT,DEC29,0.00,-,6.0,74.0,-3.0
2026-03-26,FUT,JUN26,6525.00,-115.75,1689160,1886124,17479
2026-03-26,FUT,SEP26,6575.50,-116.25,4187,11874,2916
2026-03-26,FUT,DEC26,6629.75,-113.50,5,757,0
2026-03-26,FUT,MAR27,6688.00,-113.00,0,4,0
2026-03-26,FUT,DEC27,6852.25,-113.00,0,81,0
2026-03-26,FUT,DEC28,7069.00,-113.00,0,20,0
2026-03-26,OPT,MAR26,1.52,-,868153.0,-585074.0,38582.0
2026-03-26,OPT,APR26,1.75,-,262309.0,-674604.0,-25859.0
2026-03-26,OPT,MAY26,2.51,-,48814.0,-300217.0,-5017.0
2026-03-26,OPT,JUN26,1.84,-,46336.0,-384419.0,-1254.0
2026-03-26,OPT,JUL26,2.24,-,2618.0,-51563.0,-806.0
2026-03-26,OPT,AUG26,33.94,-,3110.0,-28142.0,-1562.0
2026-03-26,OPT,SEP26,1.17,-,4083.0,-61309.0,546.0
2026-03-26,OPT,OCT26,0.42,-,477.0,-16772.0,140.0
2026-03-26,OPT,NOV26,0.68,-,131.0,-14500.0,37.0
2026-03-26,OPT,DEC26,0.59,-,4980.0,-55701.0,1105.0
2026-03-26,OPT,JAN27,0.34,-,303.0,-626.0,82.0
2026-03-26,OPT,FEB27,2.44,-,86.0,-4278.0,-27.0
2026-03-26,OPT,MAR27,0.21,-,1320.0,-6702.0,721.0
2026-03-26,OPT,APR27,0.00,-,10.0,-152.0,0.0
2026-03-26,OPT,JUN27,1.33,-,49.0,-3322.0,-8.0
2026-03-26,OPT,SEP27,26.67,-,83.0,-1436.0,4.0
2026-03-26,OPT,DEC27,0.00,-,21.0,-8234.0,4.0
2026-03-26,OPT,DEC28,0.00,-,40.0,-365.0,40.0
2026-03-27,FUT,JUN26,6412.25,-112.75,1918291,1894278,14998
2026-03-27,FUT,SEP26,6461.00,-114.50,4038,12887,1013
2026-03-27,FUT,DEC26,6514.00,-115.75,57,773,16
2026-03-27,FUT,MAR27,6565.75,-122.25,0,4,0
2026-03-27,FUT,DEC27,6725.00,-127.25,0,81,0
2026-03-27,FUT,DEC28,6941.75,-127.25,0,20,0
2026-03-27,OPT,MAR26,1.67,-,967904.0,-465525.0,119466.0
2026-03-27,OPT,APR26,2.17,-,504428.0,-676401.0,-1985.0
2026-03-27,OPT,MAY26,2.94,-,84476.0,-332112.0,-31895.0
2026-03-27,OPT,JUN26,2.18,-,80290.0,-392555.0,-8136.0
2026-03-27,OPT,JUL26,3.73,-,12296.0,-50513.0,1050.0
2026-03-27,OPT,AUG26,1.69,-,3963.0,-27948.0,194.0
2026-03-27,OPT,SEP26,1.07,-,8189.0,-61326.0,-17.0
2026-03-27,OPT,OCT26,0.62,-,464.0,-16749.0,23.0
2026-03-27,OPT,NOV26,122.25,-,493.0,-14889.0,-389.0
2026-03-27,OPT,DEC26,1.50,-,12677.0,-57854.0,-2153.0
2026-03-27,OPT,JAN27,0.86,-,448.0,-591.0,35.0
2026-03-27,OPT,FEB27,0.13,-,433.0,-3954.0,324.0
2026-03-27,OPT,MAR27,0.61,-,2621.0,-7424.0,-722.0
2026-03-27,OPT,APR27,0.06,-,121.0,-40.0,112.0
2026-03-27,OPT,JUN27,0.27,-,131.0,-3466.0,-144.0
2026-03-27,OPT,SEP27,0.20,-,168.0,-1299.0,137.0
2026-03-27,OPT,DEC27,10.75,-,1857.0,-8593.0,-359.0
2026-03-27,OPT,DEC28,0.00,-,4.0,-362.0,3.0
2026-03-27,OPT,DEC30,0.50,-,3.0,-26.0,2.0
2026-03-30,FUT,JUN26,6388.25,-24.00,1793061,1945047,50928
2026-03-30,FUT,SEP26,6435.75,-25.25,2465,13643,761
2026-03-30,FUT,DEC26,6484.00,-30.00,9,777,4
2026-03-30,FUT,MAR27,6536.50,-29.25,0,4,0
2026-03-30,FUT,DEC27,6686.00,-39.00,0,81,0
2026-03-30,FUT,DEC28,6895.75,-46.00,0,20,0
2026-03-30,OPT,MAR26,1.17,-,697087.0,-207048.0,258446.0
2026-03-30,OPT,APR26,2.49,-,531857.0,-844661.0,-168628.0
2026-03-30,OPT,MAY26,1.69,-,35010.0,-336129.0,-4017.0
2026-03-30,OPT,JUN26,1.61,-,72603.0,-390510.0,1424.0
2026-03-30,OPT,JUL26,1.53,-,5153.0,-50482.0,31.0
2026-03-30,OPT,AUG26,2.32,-,2769.0,-27690.0,258.0
2026-03-30,OPT,SEP26,2.67,-,16523.0,-62066.0,-740.0
2026-03-30,OPT,OCT26,2.07,-,994.0,-16604.0,145.0
2026-03-30,OPT,NOV26,1.23,-,432.0,-14909.0,-20.0
2026-03-30,OPT,DEC26,0.25,-,13279.0,-50402.0,7452.0
2026-03-30,OPT,JAN27,0.40,-,1217.0,-101.0,490.0
2026-03-30,OPT,FEB27,0.03,-,529.0,-3577.0,377.0
2026-03-30,OPT,MAR27,3.04,-,1336.0,-7651.0,-227.0
2026-03-30,OPT,APR27,0.97,-,230.0,-48.0,-8.0
2026-03-30,OPT,JUN27,0.97,-,338.0,-3488.0,-22.0
2026-03-30,OPT,SEP27,1.82,-,248.0,-1213.0,86.0
2026-03-30,OPT,DEC27,4.52,-,182.0,-8636.0,-43.0
2026-03-30,OPT,MAR28,0.00,-,75.0,-75.0,-75.0
2026-03-30,OPT,DEC28,24.50,-,51.0,-350.0,12.0
2026-03-30,OPT,DEC29,0.00,-,6.0,77.0,3.0
2026-03-31,FUT,JUN26,6570.75,+182.50,2363577,1934050,-10958
2026-03-31,FUT,SEP26,6620.00,+184.25,2561,13743,100
2026-03-31,FUT,DEC26,6669.50,+185.50,104,881,104
2026-03-31,FUT,MAR27,6724.75,+188.25,0,4,0
2026-03-31,FUT,DEC27,6880.50,+194.50,0,81,0
2026-03-31,FUT,DEC28,7093.00,+197.25,0,20,0
2026-03-31,OPT,MAR26,1.17,-,598457.0,0.0,207024.0
2026-03-31,OPT,APR26,1.96,-,808457.0,-1172844.0,-328521.0
2026-03-31,OPT,MAY26,1.34,-,45571.0,-336764.0,-635.0
2026-03-31,OPT,JUN26,1.75,-,69365.0,-361062.0,29202.0
2026-03-31,OPT,JUL26,1.23,-,8134.0,-50201.0,281.0
2026-03-31,OPT,AUG26,2.28,-,3336.0,-28179.0,-489.0
2026-03-31,OPT,SEP26,1.49,-,20832.0,-67399.0,-5333.0
2026-03-31,OPT,OCT26,3.71,-,725.0,-17014.0,-410.0
2026-03-31,OPT,NOV26,0.05,-,2827.0,-12410.0,2499.0
2026-03-31,OPT,DEC26,1.75,-,10110.0,-49474.0,925.0
2026-03-31,OPT,JAN27,0.45,-,936.0,290.0,391.0
2026-03-31,OPT,FEB27,1.06,-,608.0,-3584.0,-7.0
2026-03-31,OPT,MAR27,1.46,-,2047.0,-8224.0,-573.0
2026-03-31,OPT,APR27,0.00,-,34.0,-82.0,-34.0
2026-03-31,OPT,JUN27,1.86,-,2108.0,-4153.0,-665.0
2026-03-31,OPT,SEP27,1.75,-,22.0,-1212.0,1.0
2026-03-31,OPT,DEC27,36.04,-,963.0,-8708.0,-72.0
2026-03-31,OPT,DEC28,26.00,-,54.0,-392.0,-42.0
2026-03-31,OPT,DEC29,0.00,-,1.0,76.0,-1.0
2026-04-01,FUT,JUN26,6617.75,+47.00,1752607,1899808,-33232
2026-04-01,FUT,SEP26,6667.50,+47.50,3836,15114,1371
2026-04-01,FUT,DEC26,6719.00,+49.50,3,881,0
2026-04-01,FUT,MAR27,6774.50,+49.75,0,4,0
2026-04-01,FUT,DEC27,6933.00,+52.50,0,81,0
2026-04-01,FUT,DEC28,7155.50,+62.50,0,20,0
2026-04-01,OPT,APR26,2.26,-,1381411.0,-1301709.0,-129605.0
2026-04-01,OPT,MAY26,5.08,-,150223.0,-388550.0,-51796.0
2026-04-01,OPT,JUN26,3.15,-,85198.0,-364480.0,-3447.0
2026-04-01,OPT,JUL26,2.18,-,8168.0,-50761.0,-560.0
2026-04-01,OPT,AUG26,2.72,-,1956.0,-28607.0,-428.0
2026-04-01,OPT,SEP26,3.24,-,13227.0,-68431.0,-1032.0
2026-04-01,OPT,OCT26,0.46,-,2726.0,-16646.0,368.0
2026-04-01,OPT,NOV26,0.50,-,1513.0,-11835.0,575.0
2026-04-01,OPT,DEC26,0.43,-,10854.0,-43488.0,5986.0
2026-04-01,OPT,JAN27,4.29,-,999.0,-317.0,-607.0
2026-04-01,OPT,FEB27,1.42,-,662.0,-3689.0,-105.0
2026-04-01,OPT,MAR27,1.08,-,2335.0,-8560.0,-336.0
2026-04-01,OPT,APR27,1.02,-,184.0,-161.0,-79.0
2026-04-01,OPT,JUN27,0.50,-,419.0,-4357.0,-204.0
2026-04-01,OPT,SEP27,0.00,-,65.0,-1235.0,-23.0
2026-04-01,OPT,DEC27,0.59,-,700.0,-8589.0,119.0
2026-04-01,OPT,DEC28,0.00,-,17.0,-405.0,-13.0
2026-04-01,OPT,DEC29,0.00,-,1.0,75.0,-1.0
2026-04-02,FUT,JUN26,6622.25, +4.50,1965184,1912932,18015
2026-04-02,FUT,SEP26,6672.25, +4.75,3773,15911,797
2026-04-02,FUT,DEC26,6722.00, +3.00,2,882,1
2026-04-02,FUT,MAR27,6778.25, +3.75,0,4,0
2026-04-02,FUT,DEC27,6935.00, +2.00,0,81,0
2026-04-02,FUT,DEC28,7154.00, -1.50,0,20,0
2026-04-02,OPT,APR26,2.16,-,1336356.0,-1179331.0,122490.0
2026-04-02,OPT,MAY26,4.85,-,100586.0,-430432.0,-41882.0
2026-04-02,OPT,JUN26,2.41,-,52214.0,-373501.0,-8633.0
2026-04-02,OPT,JUL26,0.41,-,5549.0,-48111.0,2650.0
2026-04-02,OPT,AUG26,1.90,-,1881.0,-28658.0,-51.0
2026-04-02,OPT,SEP26,2.48,-,5491.0,-67650.0,-543.0
2026-04-02,OPT,OCT26,1.72,-,402.0,-16632.0,14.0
2026-04-02,OPT,NOV26,4.29,-,476.0,-11871.0,-36.0
2026-04-02,OPT,DEC26,2.35,-,4848.0,-43751.0,-263.0
2026-04-02,OPT,JAN27,0.73,-,893.0,-184.0,133.0
2026-04-02,OPT,FEB27,2.11,-,190.0,-3727.0,-38.0
2026-04-02,OPT,MAR27,0.12,-,3102.0,-6448.0,2112.0
2026-04-02,OPT,APR27,0.02,-,52.0,-111.0,50.0
2026-04-02,OPT,JUN27,2.27,-,134.0,-4390.0,-33.0
2026-04-02,OPT,SEP27,0.73,-,19.0,-1240.0,-5.0
2026-04-02,OPT,DEC27,4.83,-,204.0,-8726.0,-137.0
2026-04-02,OPT,MAR28,0.68,-,62.0,-63.0,12.0
2026-04-03,FUT,JUN26,6622.25, +0.00,72058,1908786,-1181
2026-04-03,FUT,SEP26,6672.25, +0.00,165,15900,-11
2026-04-03,FUT,DEC26,6722.00, +0.00,0,882,0
2026-04-03,FUT,MAR27,6778.25, +0.00,0,4,0
2026-04-03,FUT,DEC27,6935.00, +0.00,0,81,0
2026-04-03,FUT,DEC28,7154.00, +0.00,0,20,0
2026-04-03,OPT,APR26,2.61,-,60162.0,-1186112.0,-7136.0
2026-04-03,OPT,MAY26,1.37,-,2162.0,-430486.0,-54.0
2026-04-03,OPT,JUN26,1.70,-,1440.0,-371314.0,-72.0
2026-04-03,OPT,JUL26,2.45,-,38.0,-48106.0,5.0
2026-04-03,OPT,AUG26,3.75,-,19.0,-28658.0,0.0
2026-04-03,OPT,SEP26,0.69,-,778.0,-67614.0,36.0
2026-04-03,OPT,OCT26,4.00,-,5.0,-16634.0,-2.0
2026-04-03,OPT,NOV26,0.00,-,1.0,-11870.0,1.0
2026-04-03,OPT,DEC26,4.96,-,501.0,-43986.0,-235.0
2026-04-03,OPT,JAN27,0.00,-,52.0,-234.0,-50.0
2026-04-03,OPT,FEB27,0.00,-,10.0,-3737.0,-10.0
2026-04-03,OPT,MAR27,3.00,-,8.0,-6446.0,2.0
2026-04-03,OPT,MAR28,0.00,-,1.0,-64.0,-1.0
2026-04-06,FUT,JUN26,6651.00,+28.75,1103916,1899265,-9250
2026-04-06,FUT,SEP26,6701.25,+29.00,1992,16097,197
2026-04-06,FUT,DEC26,6756.00,+34.00,17,879,-3
2026-04-06,FUT,MAR27,6813.75,+35.50,0,4,0
2026-04-06,FUT,DEC27,6972.25,+37.25,0,81,0
2026-04-06,FUT,DEC28,7195.25,+41.25,0,20,0
2026-04-06,OPT,APR26,2.37,-,959746.0,-1151273.0,34842.0
2026-04-06,OPT,MAY26,4.27,-,72433.0,-449676.0,-19190.0
2026-04-06,OPT,JUN26,2.90,-,39928.0,-388356.0,-17042.0
2026-04-06,OPT,JUL26,5.55,-,3705.0,-48908.0,-802.0
2026-04-06,OPT,AUG26,3.26,-,2932.0,-29437.0,-779.0
2026-04-06,OPT,SEP26,4.07,-,9757.0,-67672.0,-58.0
2026-04-06,OPT,OCT26,4.51,-,281.0,-16687.0,-53.0
2026-04-06,OPT,NOV26,0.86,-,236.0,-11767.0,103.0
2026-04-06,OPT,DEC26,2.08,-,4608.0,-43257.0,729.0
2026-04-06,OPT,JAN27,0.62,-,86.0,-221.0,13.0
2026-04-06,OPT,FEB27,0.49,-,124.0,-3634.0,103.0
2026-04-06,OPT,MAR27,0.73,-,893.0,-6271.0,175.0
2026-04-06,OPT,APR27,6.00,-,7.0,-116.0,-5.0
2026-04-06,OPT,JUN27,9.00,-,20.0,-4396.0,-6.0
2026-04-06,OPT,SEP27,0.00,-,3.0,-1237.0,3.0
2026-04-06,OPT,DEC27,0.15,-,62.0,-8676.0,50.0
2026-04-06,OPT,MAR28,19.00,-,100.0,-154.0,-90.0
2026-04-06,OPT,DEC28,2.78,-,34.0,-420.0,-15.0
2026-04-07,FUT,JUN26,6656.75, +5.75,1997800,1916320,18720
2026-04-07,FUT,SEP26,6707.00, +5.75,3493,17120,1023
2026-04-07,FUT,DEC26,6755.00, -1.00,8,879,0
2026-04-07,FUT,MAR27,6812.75, -1.00,0,4,0
2026-04-07,FUT,DEC27,6971.25, -1.00,0,81,0
2026-04-07,FUT,DEC28,7185.50, -9.75,0,20,0
2026-04-07,OPT,APR26,1.56,-,1223303.0,-1271452.0,-120451.0
2026-04-07,OPT,MAY26,2.47,-,61453.0,-470629.0,-20953.0
2026-04-07,OPT,JUN26,1.24,-,21657.0,-387678.0,1158.0
2026-04-07,OPT,JUL26,3.13,-,22644.0,-60123.0,-11215.0
2026-04-07,OPT,AUG26,2.59,-,488.0,-29577.0,-140.0
2026-04-07,OPT,SEP26,1.57,-,4751.0,-68730.0,-1058.0
2026-04-07,OPT,OCT26,0.14,-,596.0,-16392.0,295.0
2026-04-07,OPT,NOV26,0.56,-,117.0,-11728.0,39.0
2026-04-07,OPT,DEC26,1.99,-,1417.0,-42651.0,605.0
2026-04-07,OPT,JAN27,0.25,-,212.0,-110.0,111.0
2026-04-07,OPT,FEB27,0.18,-,129.0,-3593.0,41.0
2026-04-07,OPT,MAR27,1.62,-,840.0,-6279.0,-10.0
2026-04-07,OPT,APR27,0.00,-,69.0,-185.0,-69.0
2026-04-07,OPT,JUN27,1313.00,-,2628.0,-7013.0,-2617.0
2026-04-07,OPT,SEP27,0.00,-,24.0,-1261.0,-24.0
2026-04-07,OPT,DEC27,0.40,-,21.0,-8668.0,8.0
2026-04-07,OPT,DEC28,0.00,-,1.0,-421.0,-1.0
2026-04-07,OPT,DEC30,0.00,-,4.0,-25.0,1.0
2026-04-08,FUT,JUN26,6823.75,+167.00,2199329,1924487,13501
2026-04-08,FUT,SEP26,6876.00,+169.00,4414,17489,369
2026-04-08,FUT,DEC26,6929.50,+174.50,15,877,-2
2026-04-08,FUT,MAR27,6988.00,+175.25,111,114,110
2026-04-08,FUT,DEC27,7153.25,+182.00,0,81,0
2026-04-08,FUT,DEC28,7374.25,+188.75,0,20,0
2026-04-08,OPT,APR26,1.32,-,1309834.0,-1269921.0,-146213.0
2026-04-08,OPT,MAY26,1.05,-,85407.0,-460815.0,-17593.0
2026-04-08,OPT,JUN26,0.44,-,39275.0,-385289.0,0.0
2026-04-08,OPT,JUL26,5.59,-,20231.0,-56440.0,-11362.0
2026-04-08,OPT,AUG26,2.48,-,494.0,-29548.0,-1356.0
2026-04-08,OPT,SEP26,0.65,-,7350.0,-66814.0,213.0
2026-04-08,OPT,OCT26,0.01,-,5004.0,-11968.0,4437.0
2026-04-08,OPT,NOV26,0.76,-,97.0,-11777.0,-71.0
2026-04-08,OPT,DEC26,0.19,-,5926.0,-39386.0,3606.0
2026-04-08,OPT,JAN27,0.05,-,847.0,573.0,676.0
2026-04-08,OPT,FEB27,0.08,-,275.0,-3373.0,216.0
2026-04-08,OPT,MAR27,0.59,-,1402.0,-5805.0,158.0
2026-04-08,OPT,APR27,0.80,-,155.0,-103.0,13.0
2026-04-08,OPT,JUN27,1313.00,-,2628.0,-7014.0,-2619.0
2026-04-08,OPT,SEP27,0.00,-,24.0,-1261.0,-24.0
2026-04-08,OPT,DEC27,0.06,-,104.0,-8605.0,65.0
2026-04-08,OPT,DEC29,0.00,-,1.0,75.0,0.0
2026-04-08,OPT,DEC30,2.00,-,6.0,-27.0,-1.0
2026-04-09,FUT,JUN26,6863.25,+39.50,1604541,1940753,20919
2026-04-09,FUT,SEP26,6916.00,+40.00,1417,17482,-7
2026-04-09,FUT,DEC26,6971.00,+41.50,273,889,12
2026-04-09,FUT,MAR27,7029.00,+41.00,0,114,0
2026-04-09,FUT,DEC27,7194.25,+41.00,0,81,0
2026-04-09,FUT,DEC28,7420.75,+46.50,0,20,0
2026-04-09,OPT,APR26,1.54,-,975330.0,-1309108.0,23705.0
2026-04-09,OPT,MAY26,1.69,-,94286.0,-505270.0,-22080.0
2026-04-09,OPT,JUN26,12.74,-,270017.0,-587847.0,-187793.0
2026-04-09,OPT,JUL26,2.24,-,7018.0,-118541.0,-931.0
2026-04-09,OPT,AUG26,7.99,-,7253.0,-35286.0,-4138.0
2026-04-09,OPT,SEP26,3.87,-,14816.0,-76314.0,-5148.0
2026-04-09,OPT,OCT26,0.53,-,1265.0,-14942.0,568.0
2026-04-09,OPT,NOV26,2.74,-,1723.0,-15218.0,-394.0
2026-04-09,OPT,DEC26,1.57,-,6663.0,-40196.0,-453.0
2026-04-09,OPT,JAN27,0.45,-,828.0,75.0,-376.0
2026-04-09,OPT,FEB27,0.06,-,285.0,-3747.0,263.0
2026-04-09,OPT,MAR27,0.92,-,705.0,-6091.0,-15.0
2026-04-09,OPT,APR27,0.00,-,33.0,-138.0,-33.0
2026-04-09,OPT,JUN27,2.44,-,488.0,-7145.0,-81.0
2026-04-09,OPT,SEP27,0.02,-,212.0,-1099.0,162.0
2026-04-09,OPT,DEC27,5.60,-,693.0,-8715.0,-95.0
2026-04-09,OPT,MAR28,4.96,-,316.0,-373.0,-219.0
2026-04-09,OPT,DEC28,2.00,-,6.0,-429.0,-4.0
2026-04-10,FUT,JUN26,6855.25, -8.00,1312566,1944028,8109
2026-04-10,FUT,SEP26,6908.00, -8.00,1159,17632,150
2026-04-10,FUT,DEC26,6962.50, -8.50,0,889,0
2026-04-10,FUT,MAR27,7021.75, -7.25,0,114,0
2026-04-10,FUT,DEC27,7188.50, -5.75,0,81,0
2026-04-10,FUT,DEC28,7415.00, -5.75,0,20,0
2026-04-10,OPT,APR26,2.17,-,1045873.0,-1192398.0,116319.0
2026-04-10,OPT,MAY26,2.16,-,82011.0,-552431.0,-47356.0
2026-04-10,OPT,JUN26,2.32,-,70468.0,-598393.0,-10550.0
2026-04-10,OPT,JUL26,5.19,-,6941.0,-121124.0,-2583.0
2026-04-10,OPT,AUG26,4.66,-,3052.0,-34516.0,770.0
2026-04-10,OPT,SEP26,1.18,-,13921.0,-78457.0,-2203.0
2026-04-10,OPT,OCT26,0.26,-,2605.0,-13430.0,1512.0
2026-04-10,OPT,NOV26,59.76,-,2309.0,-16901.0,-1683.0
2026-04-10,OPT,DEC26,0.52,-,3119.0,-38899.0,1297.0
2026-04-10,OPT,JAN27,1.87,-,505.0,-167.0,-242.0
2026-04-10,OPT,FEB27,0.71,-,186.0,-3764.0,-17.0
2026-04-10,OPT,MAR27,1.10,-,435.0,-6213.0,-122.0
2026-04-10,OPT,APR27,0.79,-,68.0,-128.0,10.0
2026-04-10,OPT,JUN27,0.05,-,656.0,-6868.0,277.0
2026-04-10,OPT,SEP27,0.00,-,43.0,-1057.0,42.0
2026-04-10,OPT,DEC27,3.57,-,96.0,-8764.0,-49.0
2026-04-10,OPT,MAR28,0.00,-,49.0,-422.0,-49.0
2026-04-10,OPT,DEC28,0.00,-,6.0,-435.0,-6.0
2026-04-13,FUT,JUN26,6922.75,+67.50,1541313,1957124,14289
2026-04-13,FUT,SEP26,6976.00,+68.00,2280,18313,681
2026-04-13,FUT,DEC26,7032.00,+69.50,5,891,2
2026-04-13,FUT,MAR27,7089.00,+67.25,0,114,0
2026-04-13,FUT,DEC27,7256.50,+68.00,0,81,0
2026-04-13,FUT,DEC28,7485.00,+70.00,0,20,0
2026-04-13,OPT,APR26,1.95,-,1098122.0,-1168465.0,23574.0
2026-04-13,OPT,MAY26,3.51,-,209186.0,-637891.0,-85412.0
2026-04-13,OPT,JUN26,2.39,-,77314.0,-619488.0,-21125.0
2026-04-13,OPT,JUL26,1.51,-,5985.0,-120573.0,551.0
2026-04-13,OPT,AUG26,8.43,-,7054.0,-35754.0,-1238.0
2026-04-13,OPT,SEP26,1.11,-,7352.0,-78394.0,63.0
2026-04-13,OPT,OCT26,0.63,-,1301.0,-13142.0,288.0
2026-04-13,OPT,NOV26,3.09,-,1186.0,-17461.0,-560.0
2026-04-13,OPT,DEC26,0.97,-,2909.0,-38551.0,348.0
2026-04-13,OPT,JAN27,0.94,-,827.0,-154.0,13.0
2026-04-13,OPT,FEB27,0.35,-,112.0,-3738.0,26.0
2026-04-13,OPT,MAR27,0.19,-,676.0,-5913.0,300.0
2026-04-13,OPT,APR27,0.00,-,55.0,-182.0,-54.0
2026-04-13,OPT,JUN27,0.49,-,201.0,-6845.0,23.0
2026-04-13,OPT,DEC27,0.11,-,20.0,-8762.0,2.0
2026-04-13,OPT,MAR28,0.00,-,31.0,-453.0,-31.0
2026-04-13,OPT,DEC28,1.25,-,9.0,-440.0,-5.0
2026-04-14,FUT,JUN26,7004.75,+82.00,1356650,1937560,-16624
2026-04-14,FUT,SEP26,7059.00,+83.00,1260,18720,407
2026-04-14,FUT,DEC26,7116.00,+84.00,42,913,22
2026-04-14,FUT,MAR27,7175.50,+86.50,0,114,0
2026-04-14,FUT,DEC27,7343.00,+86.50,0,81,0
2026-04-14,FUT,DEC28,7571.50,+86.50,0,20,0
2026-04-14,OPT,APR26,1.45,-,1226271.0,-1224403.0,-56507.0
2026-04-14,OPT,MAY26,2.03,-,224186.0,-736759.0,-98730.0
2026-04-14,OPT,JUN26,2.37,-,178708.0,-670226.0,-50743.0
2026-04-14,OPT,JUL26,11.24,-,67013.0,-164350.0,-43777.0
2026-04-14,OPT,AUG26,15.74,-,18463.0,-42851.0,-7097.0
2026-04-14,OPT,SEP26,4.33,-,41130.0,-79192.0,-798.0
2026-04-14,OPT,OCT26,1.51,-,1949.0,-12966.0,176.0
2026-04-14,OPT,NOV26,3.54,-,2804.0,-18772.0,-1311.0
2026-04-14,OPT,DEC26,2.24,-,11326.0,-39790.0,-1239.0
2026-04-14,OPT,JAN27,3.37,-,1538.0,-1331.0,-1177.0
2026-04-14,OPT,FEB27,0.70,-,819.0,-3543.0,195.0
2026-04-14,OPT,MAR27,1.61,-,2924.0,-6728.0,-815.0
2026-04-14,OPT,APR27,56.00,-,228.0,-400.0,-218.0
2026-04-14,OPT,JUN27,0.04,-,470.0,-6553.0,292.0
2026-04-14,OPT,SEP27,0.38,-,507.0,-550.0,507.0
2026-04-14,OPT,DEC27,16.32,-,381.0,-8682.0,80.0
2026-04-14,OPT,MAR28,0.00,-,246.0,-657.0,-204.0
2026-04-14,OPT,DEC28,0.25,-,5.0,-442.0,-2.0
2026-04-14,OPT,DEC29,0.00,-,4.0,71.0,-3.0
2026-04-15,FUT,JUN26,7060.50,+55.75,1395387,1931854,-7374
2026-04-15,FUT,SEP26,7115.25,+56.25,1636,19804,1084
2026-04-15,FUT,DEC26,7172.25,+56.25,10,916,3
2026-04-15,FUT,MAR27,7232.00,+56.50,0,114,0
2026-04-15,FUT,DEC27,7405.25,+62.25,0,81,0
2026-04-15,FUT,DEC28,7638.75,+67.25,0,20,0
2026-04-15,OPT,APR26,1.58,-,1101609.0,-1166670.0,57217.0
2026-04-15,OPT,MAY26,1.44,-,186388.0,-758052.0,-21829.0
2026-04-15,OPT,JUN26,1.29,-,96976.0,-685269.0,-14242.0
2026-04-15,OPT,JUL26,4.27,-,19403.0,-170371.0,-6021.0
2026-04-15,OPT,AUG26,5.17,-,12146.0,-48652.0,-5791.0
2026-04-15,OPT,SEP26,0.88,-,29218.0,-80473.0,-1282.0
2026-04-15,OPT,OCT26,4.46,-,1929.0,-12999.0,-33.0
2026-04-15,OPT,NOV26,5.06,-,1703.0,-18824.0,-52.0
2026-04-15,OPT,DEC26,2.29,-,9090.0,-40431.0,-1041.0
2026-04-15,OPT,JAN27,0.34,-,2006.0,-1063.0,269.0
2026-04-15,OPT,FEB27,1.83,-,741.0,-3499.0,44.0
2026-04-15,OPT,MAR27,0.60,-,1292.0,-6333.0,395.0
2026-04-15,OPT,APR27,0.83,-,132.0,-401.0,-1.0
2026-04-15,OPT,JUN27,2.23,-,482.0,-6807.0,-254.0
2026-04-15,OPT,SEP27,0.06,-,82.0,-470.0,80.0
2026-04-15,OPT,DEC27,4.58,-,106.0,-8656.0,26.0
2026-04-15,OPT,MAR28,0.00,-,60.0,-678.0,-21.0
2026-04-15,OPT,DEC28,5.57,-,92.0,-440.0,2.0
2026-04-16,FUT,JUN26,7077.00,+16.50,1360502,1928373,872
2026-04-16,FUT,SEP26,7131.75,+16.50,1675,19283,232
2026-04-16,FUT,DEC26,7189.75,+17.50,50,941,25
2026-04-16,FUT,MAR27,7248.50,+16.50,0,114,0
2026-04-16,FUT,DEC27,7417.00,+11.75,0,81,0
2026-04-16,FUT,DEC28,7654.50,+15.75,0,20,0
2026-04-16,OPT,APR26,1.63,-,874235.0,-1237684.0,-71168.0
2026-04-16,OPT,MAY26,1.43,-,153556.0,-793473.0,-35919.0
2026-04-16,OPT,JUN26,0.80,-,74883.0,-676709.0,8594.0
2026-04-16,OPT,JUL26,1.36,-,14125.0,-173908.0,-3537.0
2026-04-16,OPT,AUG26,3.79,-,5121.0,-48775.0,-123.0
2026-04-16,OPT,SEP26,3.55,-,17069.0,-86673.0,-5415.0
2026-04-16,OPT,OCT26,3.72,-,1606.0,-13283.0,-284.0
2026-04-16,OPT,NOV26,28.59,-,6599.0,-18917.0,-93.0
2026-04-16,OPT,DEC26,1.40,-,5797.0,-40473.0,-542.0
2026-04-16,OPT,JAN27,1.12,-,1149.0,-1019.0,44.0
2026-04-16,OPT,FEB27,2.20,-,534.0,-3598.0,-99.0
2026-04-16,OPT,MAR27,0.36,-,1855.0,-5943.0,390.0
2026-04-16,OPT,APR27,6.00,-,63.0,-449.0,-48.0
2026-04-16,OPT,MAY27,1.06,-,70.0,-2.0,-2.0
2026-04-16,OPT,JUN27,28.56,-,473.0,-7234.0,-427.0
2026-04-16,OPT,SEP27,0.00,-,274.0,-196.0,274.0
2026-04-16,OPT,DEC27,1.94,-,767.0,-8126.0,530.0
2026-04-16,OPT,MAR28,0.59,-,353.0,-587.0,91.0
2026-04-16,OPT,DEC28,34.00,-,35.0,-439.0,1.0
2026-04-16,OPT,DEC30,0.00,-,2.0,-45.0,2.0
2026-04-17,FUT,JUN26,7161.50,+84.50,1847098,1947505,19699
2026-04-17,FUT,SEP26,7216.75,+85.00,4526,19938,655
2026-04-17,FUT,DEC26,7273.75,+84.00,70,937,-4
2026-04-17,FUT,MAR27,7332.75,+84.25,1,114,0
2026-04-17,FUT,DEC27,7501.25,+84.25,0,81,0
2026-04-17,FUT,DEC28,7738.75,+84.25,0,20,0
2026-04-17,OPT,APR26,1.37,-,1149707.0,-572263.0,664131.0
2026-04-17,OPT,MAY26,1.97,-,225612.0,-884639.0,-92558.0
2026-04-17,OPT,JUN26,2.82,-,221134.0,-763231.0,-86504.0
2026-04-17,OPT,JUL26,9.86,-,84296.0,-226327.0,-52419.0
2026-04-17,OPT,AUG26,1.38,-,13023.0,-48688.0,87.0
2026-04-17,OPT,SEP26,1.88,-,25916.0,-92881.0,-5605.0
2026-04-17,OPT,OCT26,2.88,-,2932.0,-12903.0,380.0
2026-04-17,OPT,NOV26,0.34,-,881.0,-18505.0,412.0
2026-04-17,OPT,DEC26,2.80,-,18085.0,-45718.0,-5245.0
2026-04-17,OPT,JAN27,0.79,-,451.0,-1129.0,-110.0
2026-04-17,OPT,FEB27,4.85,-,1263.0,-4063.0,-465.0
2026-04-17,OPT,MAR27,1.35,-,5051.0,-7357.0,-574.0
2026-04-17,OPT,APR27,7.00,-,48.0,-466.0,-17.0
2026-04-17,OPT,MAY27,0.00,-,53.0,-55.0,-53.0
2026-04-17,OPT,JUN27,0.28,-,962.0,-6693.0,541.0
2026-04-17,OPT,SEP27,0.07,-,47.0,-155.0,41.0
2026-04-17,OPT,DEC27,21.22,-,600.0,-8028.0,98.0
2026-04-17,OPT,MAR28,0.00,-,1.0,-586.0,1.0
2026-04-17,OPT,DEC28,30.00,-,62.0,-384.0,55.0
2026-04-17,OPT,DEC30,0.00,-,1.0,-44.0,1.0
2026-04-20,FUT,JUN26,7148.00,-13.50,1374523,1941328,-6686
2026-04-20,FUT,SEP26,7203.00,-13.75,2051,20206,329
2026-04-20,FUT,DEC26,7260.25,-13.50,36,939,2
2026-04-20,FUT,MAR27,7317.25,-15.50,0,114,0
2026-04-20,FUT,DEC27,7486.50,-14.75,0,81,0
2026-04-20,FUT,DEC28,7724.00,-14.75,0,20,0
2026-04-20,OPT,APR26,1.58,-,839442.0,-517790.0,53816.0
2026-04-20,OPT,MAY26,1.80,-,123254.0,-903799.0,-19942.0
2026-04-20,OPT,JUN26,1.06,-,64274.0,-770942.0,-8104.0
2026-04-20,OPT,JUL26,2.66,-,18506.0,-230442.0,-4115.0
2026-04-20,OPT,AUG26,1.72,-,4570.0,-50157.0,-1469.0
2026-04-20,OPT,SEP26,3.70,-,9914.0,-94309.0,-1428.0
2026-04-20,OPT,OCT26,11.86,-,1415.0,-13076.0,-173.0
2026-04-20,OPT,NOV26,0.70,-,364.0,-17617.0,-12.0
2026-04-20,OPT,DEC26,2.68,-,9173.0,-48082.0,-2364.0
2026-04-20,OPT,JAN27,0.79,-,233.0,-1070.0,59.0
2026-04-20,OPT,FEB27,1.19,-,158.0,-4055.0,8.0
2026-04-20,OPT,MAR27,0.73,-,1532.0,-7355.0,72.0
2026-04-20,OPT,APR27,1.11,-,80.0,-469.0,-3.0
2026-04-20,OPT,MAY27,0.00,-,20.0,-35.0,20.0
2026-04-20,OPT,JUN27,72.00,-,73.0,-6755.0,-62.0
2026-04-20,OPT,SEP27,0.27,-,65.0,-146.0,9.0
2026-04-20,OPT,DEC27,0.36,-,19.0,-8027.0,1.0
2026-04-20,OPT,DEC28,0.00,-,5.0,-385.0,-1.0
2026-04-20,OPT,DEC30,0.00,-,5.0,-39.0,5.0
2026-04-21,FUT,JUN26,7100.00,-48.00,1819102,1941192,348
2026-04-21,FUT,SEP26,7155.00,-48.00,3833,21688,1482
2026-04-21,FUT,DEC26,7212.25,-48.00,15,937,-2
2026-04-21,FUT,MAR27,7272.50,-44.75,2,116,2
2026-04-21,FUT,DEC27,7444.25,-42.25,0,81,0
2026-04-21,FUT,DEC28,7681.75,-42.25,0,20,0
2026-04-21,OPT,APR26,1.82,-,1029562.0,-598425.0,-80975.0
2026-04-21,OPT,MAY26,1.18,-,145859.0,-902772.0,1025.0
2026-04-21,OPT,JUN26,3.30,-,128925.0,-839108.0,-68421.0
2026-04-21,OPT,JUL26,6.10,-,49383.0,-259657.0,-29215.0
2026-04-21,OPT,AUG26,0.91,-,8087.0,-49526.0,631.0
2026-04-21,OPT,SEP26,1.13,-,16085.0,-92833.0,-344.0
2026-04-21,OPT,OCT26,1.71,-,1534.0,-13474.0,-398.0
2026-04-21,OPT,NOV26,5.75,-,344.0,-17675.0,-58.0
2026-04-21,OPT,DEC26,1.83,-,4730.0,-47588.0,494.0
2026-04-21,OPT,JAN27,0.55,-,135.0,-1098.0,-28.0
2026-04-21,OPT,FEB27,2.52,-,141.0,-4055.0,0.0
2026-04-21,OPT,MAR27,1.45,-,1180.0,-7431.0,-1.0
2026-04-21,OPT,APR27,0.15,-,114.0,-392.0,77.0
2026-04-21,OPT,JUN27,0.42,-,311.0,-6832.0,-77.0
2026-04-21,OPT,SEP27,0.00,-,74.0,-80.0,66.0
2026-04-21,OPT,DEC27,0.98,-,103.0,-7956.0,71.0
2026-04-21,OPT,DEC28,0.06,-,17.0,-387.0,-2.0
2026-04-22,FUT,JUN26,7171.25,+71.25,1185812,1942358,1883
2026-04-22,FUT,SEP26,7226.25,+71.25,4853,22140,452
2026-04-22,FUT,DEC26,7284.25,+72.00,27,937,0
2026-04-22,FUT,MAR27,7346.25,+73.75,5,119,3
2026-04-22,FUT,DEC27,7520.00,+75.75,0,81,0
2026-04-22,FUT,DEC28,7764.25,+82.50,0,20,0
2026-04-22,OPT,APR26,1.55,-,690410.0,-642291.0,-43466.0
2026-04-22,OPT,MAY26,1.84,-,115298.0,-922175.0,-19901.0
2026-04-22,OPT,JUN26,4.17,-,85340.0,-885989.0,-43863.0
2026-04-22,OPT,JUL26,4.03,-,39068.0,-282390.0,-22733.0
2026-04-22,OPT,AUG26,1.82,-,5938.0,-50538.0,-1012.0
2026-04-22,OPT,SEP26,4.58,-,11681.0,-96492.0,-3651.0
2026-04-22,OPT,OCT26,9.57,-,708.0,-13953.0,-479.0
2026-04-22,OPT,NOV26,234.36,-,9179.0,-26554.0,-8879.0
2026-04-22,OPT,DEC26,1.41,-,5846.0,-48325.0,-737.0
2026-04-22,OPT,JAN27,1.56,-,289.0,-1164.0,-66.0
2026-04-22,OPT,FEB27,1.42,-,517.0,-4058.0,-3.0
2026-04-22,OPT,MAR27,1.46,-,1257.0,-7274.0,452.0
2026-04-22,OPT,APR27,29.00,-,60.0,-445.0,-53.0
2026-04-22,OPT,MAY27,0.00,-,14.0,-49.0,-14.0
2026-04-22,OPT,JUN27,0.23,-,440.0,-6578.0,254.0
2026-04-22,OPT,SEP27,0.00,-,702.0,580.0,660.0
2026-04-22,OPT,DEC27,1.88,-,72.0,-7966.0,-10.0
2026-04-22,OPT,MAR28,0.00,-,42.0,-628.0,-42.0
2026-04-22,OPT,DEC28,0.00,-,4.0,-386.0,1.0
2026-04-23,FUT,JUN26,7143.50,-27.75,1862446,1944896,4785
2026-04-23,FUT,SEP26,7198.25,-28.00,3305,22472,332
2026-04-23,FUT,DEC26,7255.00,-29.25,14,940,3
2026-04-23,FUT,MAR27,7315.50,-30.75,0,119,0
2026-04-23,FUT,DEC27,7489.25,-30.75,0,81,0
2026-04-23,FUT,DEC28,7733.50,-30.75,0,20,0
2026-04-23,OPT,APR26,1.83,-,889230.0,-656296.0,-15591.0
2026-04-23,OPT,MAY26,2.66,-,200793.0,-956592.0,-34552.0
2026-04-23,OPT,JUN26,1.71,-,58888.0,-890938.0,-5102.0
2026-04-23,OPT,JUL26,0.88,-,16997.0,-280477.0,1913.0
2026-04-23,OPT,AUG26,1.00,-,5386.0,-50845.0,-307.0
2026-04-23,OPT,SEP26,1.27,-,8762.0,-97438.0,-975.0
2026-04-23,OPT,OCT26,16.11,-,325.0,-14140.0,-187.0
2026-04-23,OPT,NOV26,4.05,-,192.0,-26611.0,-57.0
2026-04-23,OPT,DEC26,3.68,-,4436.0,-50488.0,-2163.0
2026-04-23,OPT,JAN27,1.12,-,654.0,-1262.0,-98.0
2026-04-23,OPT,FEB27,0.82,-,102.0,-4046.0,12.0
2026-04-23,OPT,MAR27,0.75,-,410.0,-7196.0,78.0
2026-04-23,OPT,APR27,9.00,-,30.0,-473.0,-28.0
2026-04-23,OPT,MAY27,0.00,-,6.0,-55.0,-6.0
2026-04-23,OPT,JUN27,2.10,-,161.0,-6634.0,-56.0
2026-04-23,OPT,SEP27,0.42,-,57.0,607.0,27.0
2026-04-23,OPT,DEC27,12.44,-,121.0,-8076.0,-110.0
2026-04-23,OPT,MAR28,0.00,-,2.0,-626.0,2.0
2026-04-23,OPT,DEC28,6.50,-,60.0,-437.0,-51.0
2026-04-23,OPT,DEC29,0.00,-,2.0,71.0,0.0
2026-04-23,OPT,DEC30,0.00,-,2.0,-41.0,-2.0
2026-04-24,FUT,JUN26,7194.75,+51.25,1463962,1947084,5780
2026-04-24,FUT,SEP26,7250.00,+51.75,1849,22394,-78
2026-04-24,FUT,DEC26,7306.50,+51.50,57,956,16
2026-04-24,FUT,MAR27,7366.00,+50.50,0,119,0
2026-04-24,FUT,DEC27,7539.75,+50.50,0,81,0
2026-04-24,FUT,DEC28,7781.50,+48.00,0,20,0
2026-04-24,OPT,APR26,1.72,-,808171.0,-476625.0,179481.0
2026-04-24,OPT,MAY26,2.73,-,278105.0,-1032369.0,-76173.0
2026-04-24,OPT,JUN26,1.30,-,61879.0,-899230.0,-6857.0
2026-04-24,OPT,JUL26,2.45,-,12733.0,-283223.0,-2746.0
2026-04-24,OPT,AUG26,0.73,-,4291.0,-50900.0,-55.0
2026-04-24,OPT,SEP26,2.77,-,10557.0,-99261.0,-1808.0
2026-04-24,OPT,OCT26,8.44,-,2964.0,-16157.0,-2017.0
2026-04-24,OPT,NOV26,1.61,-,332.0,-26566.0,45.0
2026-04-24,OPT,DEC26,8.61,-,10890.0,-55532.0,-5044.0
2026-04-24,OPT,JAN27,0.44,-,362.0,-1149.0,113.0
2026-04-24,OPT,FEB27,1.76,-,149.0,-4042.0,4.0
2026-04-24,OPT,MAR27,0.54,-,383.0,-7134.0,62.0
2026-04-24,OPT,APR27,1.45,-,125.0,-536.0,-63.0
2026-04-24,OPT,MAY27,11.00,-,12.0,-65.0,-10.0
2026-04-24,OPT,JUN27,2.74,-,258.0,-6586.0,48.0
2026-04-24,OPT,SEP27,0.38,-,88.0,660.0,53.0
2026-04-24,OPT,DEC27,0.19,-,44.0,-8075.0,1.0
2026-04-24,OPT,MAR28,0.00,-,20.0,-646.0,-20.0
2026-04-24,OPT,DEC28,5.00,-,24.0,-428.0,9.0
2026-04-24,OPT,DEC29,0.00,-,4.0,71.0,0.0
2026-04-24,OPT,DEC30,0.00,-,1.0,-40.0,1.0
2026-04-27,FUT,JUN26,7206.00,+11.25,1085690,1941849,1428
2026-04-27,FUT,SEP26,7261.25,+11.25,1357,22388,-6
2026-04-27,FUT,DEC26,7317.50,+11.00,6,957,1
2026-04-27,FUT,MAR27,7379.25,+13.25,0,119,0
2026-04-27,FUT,DEC27,7554.50,+14.75,0,81,0
2026-04-27,FUT,DEC28,7799.75,+18.25,0,20,0
2026-04-27,OPT,APR26,1.96,-,633839.0,-416099.0,60474.0
2026-04-27,OPT,MAY26,2.27,-,203294.0,-1092328.0,-61650.0
2026-04-27,OPT,JUN26,2.46,-,45455.0,-903835.0,-4505.0
2026-04-27,OPT,JUL26,1.33,-,12391.0,-282797.0,426.0
2026-04-27,OPT,AUG26,2.01,-,3080.0,-51411.0,-511.0
2026-04-27,OPT,SEP26,2.60,-,11225.0,-101153.0,-1892.0
2026-04-27,OPT,OCT26,34.44,-,1914.0,-17125.0,-968.0
2026-04-27,OPT,NOV26,1.24,-,419.0,-26528.0,38.0
2026-04-27,OPT,DEC26,1.98,-,3817.0,-56487.0,-955.0
2026-04-27,OPT,JAN27,0.76,-,1153.0,-838.0,311.0
2026-04-27,OPT,FEB27,2.16,-,98.0,-4019.0,23.0
2026-04-27,OPT,MAR27,3.40,-,1307.0,-7714.0,-580.0
2026-04-27,OPT,APR27,0.00,-,54.0,-582.0,-46.0
2026-04-27,OPT,MAY27,7.00,-,16.0,-78.0,-13.0
2026-04-27,OPT,JUN27,11.20,-,122.0,-6601.0,-15.0
2026-04-27,OPT,SEP27,0.05,-,43.0,692.0,32.0
2026-04-27,OPT,DEC27,12.65,-,232.0,-8255.0,-180.0
2026-04-27,OPT,DEC28,0.00,-,1.0,-429.0,-1.0
2026-04-27,OPT,DEC29,0.00,-,2.0,69.0,-2.0
2026-04-27,OPT,DEC30,0.00,-,1.0,-41.0,-1.0
2026-04-28,FUT,JUN26,7171.00,-35.00,1361467,1939584,1967
2026-04-28,FUT,SEP26,7226.00,-35.25,1239,22553,165
2026-04-28,FUT,DEC26,7282.00,-35.50,44,985,28
2026-04-28,FUT,MAR27,7342.25,-37.00,0,119,0
2026-04-28,FUT,DEC27,7517.00,-37.50,0,81,0
2026-04-28,FUT,DEC28,7769.00,-30.75,0,20,0
2026-04-28,OPT,APR26,1.41,-,507087.0,-262515.0,153609.0
2026-04-28,OPT,MAY26,1.99,-,322493.0,-1187819.0,-96156.0
2026-04-28,OPT,JUN26,1.23,-,52756.0,-901980.0,1210.0
2026-04-28,OPT,JUL26,1.97,-,8007.0,-284756.0,-1959.0
2026-04-28,OPT,AUG26,1.53,-,3994.0,-51848.0,-437.0
2026-04-28,OPT,SEP26,1.73,-,8399.0,-101944.0,-791.0
2026-04-28,OPT,OCT26,6.08,-,1869.0,-17512.0,-387.0
2026-04-28,OPT,NOV26,8.10,-,1056.0,-27258.0,-730.0
2026-04-28,OPT,DEC26,1.80,-,2330.0,-56867.0,-380.0
2026-04-28,OPT,JAN27,9.79,-,453.0,-1142.0,-304.0
2026-04-28,OPT,FEB27,1.91,-,64.0,-4013.0,6.0
2026-04-28,OPT,MAR27,1.84,-,1968.0,-8488.0,-774.0
2026-04-28,OPT,APR27,0.00,-,17.0,-597.0,-15.0
2026-04-28,OPT,MAY27,2.33,-,20.0,-87.0,-9.0
2026-04-28,OPT,JUN27,0.00,-,15.0,-6612.0,-11.0
2026-04-28,OPT,SEP27,0.00,-,143.0,803.0,111.0
2026-04-28,OPT,DEC27,7.90,-,89.0,-8280.0,-25.0
2026-04-28,OPT,MAR28,0.92,-,46.0,-613.0,33.0
2026-04-28,OPT,DEC30,0.00,-,1.0,-41.0,0.0
2026-04-29,FUT,JUN26,7168.00, -3.00,1368362,1939429,3254
2026-04-29,FUT,SEP26,7223.00, -3.00,1207,23285,732
2026-04-29,FUT,DEC26,7279.00, -3.00,50,979,-6
2026-04-29,FUT,MAR27,7341.00, -1.25,0,119,0
2026-04-29,FUT,DEC27,7527.50,+10.50,0,81,0
2026-04-29,FUT,DEC28,7782.50,+13.50,0,20,0
2026-04-29,OPT,APR26,1.54,-,381807.0,-226474.0,35948.0
2026-04-29,OPT,MAY26,2.71,-,278018.0,-1309649.0,-122029.0
2026-04-29,OPT,JUN26,2.08,-,43203.0,-905245.0,-2774.0
2026-04-29,OPT,JUL26,2.03,-,11723.0,-285613.0,-857.0
2026-04-29,OPT,AUG26,2.66,-,3888.0,-53644.0,-1796.0
2026-04-29,OPT,SEP26,1.69,-,11985.0,-100980.0,964.0
2026-04-29,OPT,OCT26,2.03,-,542.0,-17716.0,-204.0
2026-04-29,OPT,NOV26,86.76,-,6231.0,-33023.0,-5765.0
2026-04-29,OPT,DEC26,2.17,-,4360.0,-57089.0,-222.0
2026-04-29,OPT,JAN27,2.71,-,475.0,-1200.0,-58.0
2026-04-29,OPT,FEB27,7.73,-,131.0,-4095.0,-82.0
2026-04-29,OPT,MAR27,0.44,-,660.0,-8522.0,-34.0
2026-04-29,OPT,APR27,0.00,-,393.0,-984.0,-387.0
2026-04-29,OPT,MAY27,0.00,-,16.0,-103.0,-16.0
2026-04-29,OPT,JUN27,3.64,-,306.0,-6802.0,-190.0
2026-04-29,OPT,SEP27,0.18,-,85.0,874.0,71.0
2026-04-29,OPT,DEC27,0.95,-,164.0,-8280.0,0.0
2026-04-29,OPT,MAR28,1.23,-,49.0,-607.0,6.0
2026-04-29,OPT,DEC28,0.50,-,3.0,-428.0,1.0
2026-04-30,FUT,JUN26,7243.75,+75.75,1732392,1970288,30956
2026-04-30,FUT,SEP26,7299.50,+76.50,3730,23117,-168
2026-04-30,FUT,DEC26,7356.25,+77.25,55,991,12
2026-04-30,FUT,MAR27,7420.50,+79.50,0,119,0
2026-04-30,FUT,DEC27,7608.00,+80.50,0,83,2
2026-04-30,FUT,DEC28,7863.00,+80.50,0,20,0
2026-04-30,OPT,APR26,1.55,-,403566.0,0.0,226474.0
2026-04-30,OPT,MAY26,2.10,-,691371.0,-1519785.0,-210142.0
2026-04-30,OPT,JUN26,1.56,-,89326.0,-906629.0,-1383.0
2026-04-30,OPT,JUL26,1.75,-,12747.0,-278266.0,7347.0
2026-04-30,OPT,AUG26,1.20,-,14437.0,-52105.0,1539.0
2026-04-30,OPT,SEP26,1.23,-,18213.0,-98312.0,2635.0
2026-04-30,OPT,OCT26,3.57,-,1069.0,-18156.0,-440.0
2026-04-30,OPT,NOV26,2.15,-,1623.0,-33353.0,-330.0
2026-04-30,OPT,DEC26,1.40,-,24423.0,-61706.0,-4617.0
2026-04-30,OPT,JAN27,0.60,-,1156.0,-1108.0,92.0
2026-04-30,OPT,FEB27,0.47,-,88.0,-4088.0,7.0
2026-04-30,OPT,MAR27,1.38,-,2482.0,-7805.0,717.0
2026-04-30,OPT,APR27,1.30,-,416.0,-1033.0,-49.0
2026-04-30,OPT,MAY27,21.50,-,45.0,-142.0,-39.0
2026-04-30,OPT,JUN27,7.26,-,446.0,-7090.0,-288.0
2026-04-30,OPT,SEP27,0.04,-,294.0,1137.0,263.0
2026-04-30,OPT,DEC27,11.69,-,165.0,-8342.0,-62.0
2026-04-30,OPT,MAR28,70.00,-,71.0,-656.0,-49.0
2026-04-30,OPT,DEC28,0.00,-,58.0,-482.0,-54.0
2026-04-30,OPT,DEC29,0.00,-,1.0,69.0,0.0
2026-04-30,OPT,DEC30,0.00,-,14.0,-27.0,14.0
2026-05-01,FUT,JUN26,7258.00,+14.25,1263615,1951962,-16356
2026-05-01,FUT,SEP26,7314.00,+14.50,2416,23315,198
2026-05-01,FUT,DEC26,7371.75,+15.50,86,1005,14
2026-05-01,FUT,MAR27,7434.00,+13.50,5,122,3
2026-05-01,FUT,DEC27,7617.50, +9.50,0,83,0
2026-05-01,FUT,DEC28,7876.00,+13.00,0,20,0
2026-05-01,OPT,MAY26,1.87,-,1023013.0,-1469476.0,48363.0
2026-05-01,OPT,JUN26,1.41,-,54589.0,-913767.0,-7165.0
2026-05-01,OPT,JUL26,1.82,-,24402.0,-281022.0,-2756.0
2026-05-01,OPT,AUG26,1.02,-,8351.0,-50578.0,1527.0
2026-05-01,OPT,SEP26,1.22,-,26067.0,-99039.0,-727.0
2026-05-01,OPT,OCT26,11.11,-,3693.0,-18911.0,-755.0
2026-05-01,OPT,NOV26,1.36,-,662.0,-33265.0,88.0
2026-05-01,OPT,DEC26,1.54,-,14040.0,-64800.0,-3094.0
2026-05-01,OPT,JAN27,1.21,-,369.0,-1190.0,-82.0
2026-05-01,OPT,FEB27,0.88,-,450.0,-4002.0,86.0
2026-05-01,OPT,MAR27,0.82,-,4772.0,-7971.0,-166.0
2026-05-01,OPT,APR27,0.62,-,609.0,-882.0,151.0
2026-05-01,OPT,MAY27,12.00,-,13.0,-143.0,-1.0
2026-05-01,OPT,JUN27,1.10,-,300.0,-7154.0,-64.0
2026-05-01,OPT,SEP27,0.45,-,120.0,1151.0,14.0
2026-05-01,OPT,DEC27,2.79,-,125.0,-8379.0,-37.0
2026-05-01,OPT,MAR28,0.00,-,50.0,-706.0,-50.0
2026-05-01,OPT,DEC28,4.07,-,71.0,-531.0,-49.0
2026-05-01,OPT,DEC29,1.00,-,2.0,69.0,0.0
